Determining if the environ exist failed with the following output:
Change Dir: /mnt/sdb/THG6500-MINI-TAX2-OPENWRT-BSP_TGP3/build_dir/host/cmake-3.22.3/CMakeFiles/CMakeTmp

Run Build Command(s):/mnt/sdb/THG6500-MINI-TAX2-OPENWRT-BSP_TGP3/staging_dir/host/bin/ninja cmTC_46124 && [1/2] Building C object CMakeFiles/cmTC_46124.dir/CheckSymbolExists.c.o
FAILED: CMakeFiles/cmTC_46124.dir/CheckSymbolExists.c.o 
/mnt/sdb/THG6500-MINI-TAX2-OPENWRT-BSP_TGP3/staging_dir/host/bin/gcc   -O2 -I/mnt/sdb/THG6500-MINI-TAX2-OPENWRT-BSP_TGP3/staging_dir/host/include  -std=gnu11 -o CMakeFiles/cmTC_46124.dir/CheckSymbolExists.c.o -c /mnt/sdb/THG6500-MINI-TAX2-OPENWRT-BSP_TGP3/build_dir/host/cmake-3.22.3/CMakeFiles/CMakeTmp/CheckSymbolExists.c
/mnt/sdb/THG6500-MINI-TAX2-OPENWRT-BSP_TGP3/build_dir/host/cmake-3.22.3/CMakeFiles/CMakeTmp/CheckSymbolExists.c: In function 'main':
/mnt/sdb/THG6500-MINI-TAX2-OPENWRT-BSP_TGP3/build_dir/host/cmake-3.22.3/CMakeFiles/CMakeTmp/CheckSymbolExists.c:8:19: error: 'environ' undeclared (first use in this function)
    8 |   return ((int*)(&environ))[argc];
      |                   ^~~~~~~
/mnt/sdb/THG6500-MINI-TAX2-OPENWRT-BSP_TGP3/build_dir/host/cmake-3.22.3/CMakeFiles/CMakeTmp/CheckSymbolExists.c:8:19: note: each undeclared identifier is reported only once for each function it appears in
ninja: build stopped: subcommand failed.


File /mnt/sdb/THG6500-MINI-TAX2-OPENWRT-BSP_TGP3/build_dir/host/cmake-3.22.3/CMakeFiles/CMakeTmp/CheckSymbolExists.c:
/* */
#include <stdlib.h>

int main(int argc, char** argv)
{
  (void)argv;
#ifndef environ
  return ((int*)(&environ))[argc];
#else
  (void)argc;
  return 0;
#endif
}
Checking whether CXX compiler has environ in stdlib.h failed to compile with the following output:
Change Dir: /mnt/sdb/THG6500-MINI-TAX2-OPENWRT-BSP_TGP3/build_dir/host/cmake-3.22.3/Source/kwsys/CMakeFiles/CMakeTmp

Run Build Command(s):/mnt/sdb/THG6500-MINI-TAX2-OPENWRT-BSP_TGP3/staging_dir/host/bin/ninja cmTC_3a929 && [1/2] Building CXX object CMakeFiles/cmTC_3a929.dir/kwsysPlatformTestsCXX.cxx.o
FAILED: CMakeFiles/cmTC_3a929.dir/kwsysPlatformTestsCXX.cxx.o 
/mnt/sdb/THG6500-MINI-TAX2-OPENWRT-BSP_TGP3/staging_dir/host/bin/g++ -DTEST_KWSYS_CXX_HAS_ENVIRON_IN_STDLIB_H  -O2 -I/mnt/sdb/THG6500-MINI-TAX2-OPENWRT-BSP_TGP3/staging_dir/host/include -o CMakeFiles/cmTC_3a929.dir/kwsysPlatformTestsCXX.cxx.o -c /mnt/sdb/THG6500-MINI-TAX2-OPENWRT-BSP_TGP3/build_dir/host/cmake-3.22.3/Source/kwsys/kwsysPlatformTestsCXX.cxx
/mnt/sdb/THG6500-MINI-TAX2-OPENWRT-BSP_TGP3/build_dir/host/cmake-3.22.3/Source/kwsys/kwsysPlatformTestsCXX.cxx: In function 'int main()':
/mnt/sdb/THG6500-MINI-TAX2-OPENWRT-BSP_TGP3/build_dir/host/cmake-3.22.3/Source/kwsys/kwsysPlatformTestsCXX.cxx:53:13: error: 'environ' was not declared in this scope; did you mean 'union'?
   53 |   char* e = environ[0];
      |             ^~~~~~~
      |             union
ninja: build stopped: subcommand failed.



Checking whether CXX compiler struct stat has st_mtimespec member failed to compile with the following output:
Change Dir: /mnt/sdb/THG6500-MINI-TAX2-OPENWRT-BSP_TGP3/build_dir/host/cmake-3.22.3/Source/kwsys/CMakeFiles/CMakeTmp

Run Build Command(s):/mnt/sdb/THG6500-MINI-TAX2-OPENWRT-BSP_TGP3/staging_dir/host/bin/ninja cmTC_690a3 && [1/2] Building CXX object CMakeFiles/cmTC_690a3.dir/kwsysPlatformTestsCXX.cxx.o
FAILED: CMakeFiles/cmTC_690a3.dir/kwsysPlatformTestsCXX.cxx.o 
/mnt/sdb/THG6500-MINI-TAX2-OPENWRT-BSP_TGP3/staging_dir/host/bin/g++ -DTEST_KWSYS_CXX_STAT_HAS_ST_MTIMESPEC  -O2 -I/mnt/sdb/THG6500-MINI-TAX2-OPENWRT-BSP_TGP3/staging_dir/host/include -o CMakeFiles/cmTC_690a3.dir/kwsysPlatformTestsCXX.cxx.o -c /mnt/sdb/THG6500-MINI-TAX2-OPENWRT-BSP_TGP3/build_dir/host/cmake-3.22.3/Source/kwsys/kwsysPlatformTestsCXX.cxx
/mnt/sdb/THG6500-MINI-TAX2-OPENWRT-BSP_TGP3/build_dir/host/cmake-3.22.3/Source/kwsys/kwsysPlatformTestsCXX.cxx: In function 'int main()':
/mnt/sdb/THG6500-MINI-TAX2-OPENWRT-BSP_TGP3/build_dir/host/cmake-3.22.3/Source/kwsys/kwsysPlatformTestsCXX.cxx:26:15: error: 'struct stat' has no member named 'st_mtimespec'
   26 |   (void)stat1.st_mtimespec.tv_sec;
      |               ^~~~~~~~~~~~
/mnt/sdb/THG6500-MINI-TAX2-OPENWRT-BSP_TGP3/build_dir/host/cmake-3.22.3/Source/kwsys/kwsysPlatformTestsCXX.cxx:27:15: error: 'struct stat' has no member named 'st_mtimespec'
   27 |   (void)stat1.st_mtimespec.tv_nsec;
      |               ^~~~~~~~~~~~
ninja: build stopped: subcommand failed.



Determining if the function connect exists in the socket;dl failed with the following output:
Change Dir: /mnt/sdb/THG6500-MINI-TAX2-OPENWRT-BSP_TGP3/build_dir/host/cmake-3.22.3/CMakeFiles/CMakeTmp

Run Build Command(s):/mnt/sdb/THG6500-MINI-TAX2-OPENWRT-BSP_TGP3/staging_dir/host/bin/ninja cmTC_35f2e && [1/2] Building C object CMakeFiles/cmTC_35f2e.dir/CheckFunctionExists.c.o
[2/2] Linking C executable cmTC_35f2e
FAILED: cmTC_35f2e 
: && /mnt/sdb/THG6500-MINI-TAX2-OPENWRT-BSP_TGP3/staging_dir/host/bin/gcc -O2 -I/mnt/sdb/THG6500-MINI-TAX2-OPENWRT-BSP_TGP3/staging_dir/host/include -w -DCHECK_FUNCTION_EXISTS=connect -L/mnt/sdb/THG6500-MINI-TAX2-OPENWRT-BSP_TGP3/staging_dir/host/lib CMakeFiles/cmTC_35f2e.dir/CheckFunctionExists.c.o -o cmTC_35f2e  -lsocket  -ldl && :
/usr/bin/ld: cannot find -lsocket: No such file or directory
collect2: error: ld returned 1 exit status
ninja: build stopped: subcommand failed.



Determining if the function recv exists in the network;dl failed with the following output:
Change Dir: /mnt/sdb/THG6500-MINI-TAX2-OPENWRT-BSP_TGP3/build_dir/host/cmake-3.22.3/CMakeFiles/CMakeTmp

Run Build Command(s):/mnt/sdb/THG6500-MINI-TAX2-OPENWRT-BSP_TGP3/staging_dir/host/bin/ninja cmTC_00b51 && [1/2] Building C object CMakeFiles/cmTC_00b51.dir/CheckFunctionExists.c.o
[2/2] Linking C executable cmTC_00b51
FAILED: cmTC_00b51 
: && /mnt/sdb/THG6500-MINI-TAX2-OPENWRT-BSP_TGP3/staging_dir/host/bin/gcc -O2 -I/mnt/sdb/THG6500-MINI-TAX2-OPENWRT-BSP_TGP3/staging_dir/host/include -w -DCHECK_FUNCTION_EXISTS=recv -L/mnt/sdb/THG6500-MINI-TAX2-OPENWRT-BSP_TGP3/staging_dir/host/lib CMakeFiles/cmTC_00b51.dir/CheckFunctionExists.c.o -o cmTC_00b51  -lnetwork  -ldl && :
/usr/bin/ld: cannot find -lnetwork: No such file or directory
collect2: error: ld returned 1 exit status
ninja: build stopped: subcommand failed.



Determining if the RAND_status exist failed with the following output:
Change Dir: /mnt/sdb/THG6500-MINI-TAX2-OPENWRT-BSP_TGP3/build_dir/host/cmake-3.22.3/CMakeFiles/CMakeTmp

Run Build Command(s):/mnt/sdb/THG6500-MINI-TAX2-OPENWRT-BSP_TGP3/staging_dir/host/bin/ninja cmTC_dfd13 && [1/2] Building C object CMakeFiles/cmTC_dfd13.dir/CheckSymbolExists.c.o
FAILED: CMakeFiles/cmTC_dfd13.dir/CheckSymbolExists.c.o 
/mnt/sdb/THG6500-MINI-TAX2-OPENWRT-BSP_TGP3/staging_dir/host/bin/gcc   -O2 -I/mnt/sdb/THG6500-MINI-TAX2-OPENWRT-BSP_TGP3/staging_dir/host/include -w  -std=gnu11 -o CMakeFiles/cmTC_dfd13.dir/CheckSymbolExists.c.o -c /mnt/sdb/THG6500-MINI-TAX2-OPENWRT-BSP_TGP3/build_dir/host/cmake-3.22.3/CMakeFiles/CMakeTmp/CheckSymbolExists.c
/mnt/sdb/THG6500-MINI-TAX2-OPENWRT-BSP_TGP3/build_dir/host/cmake-3.22.3/CMakeFiles/CMakeTmp/CheckSymbolExists.c: In function 'main':
/mnt/sdb/THG6500-MINI-TAX2-OPENWRT-BSP_TGP3/build_dir/host/cmake-3.22.3/CMakeFiles/CMakeTmp/CheckSymbolExists.c:7:19: error: 'RAND_status' undeclared (first use in this function)
    7 |   return ((int*)(&RAND_status))[argc];
      |                   ^~~~~~~~~~~
/mnt/sdb/THG6500-MINI-TAX2-OPENWRT-BSP_TGP3/build_dir/host/cmake-3.22.3/CMakeFiles/CMakeTmp/CheckSymbolExists.c:7:19: note: each undeclared identifier is reported only once for each function it appears in
ninja: build stopped: subcommand failed.


File /mnt/sdb/THG6500-MINI-TAX2-OPENWRT-BSP_TGP3/build_dir/host/cmake-3.22.3/CMakeFiles/CMakeTmp/CheckSymbolExists.c:
/* */

int main(int argc, char** argv)
{
  (void)argv;
#ifndef RAND_status
  return ((int*)(&RAND_status))[argc];
#else
  (void)argc;
  return 0;
#endif
}
Determining if the RAND_screen exist failed with the following output:
Change Dir: /mnt/sdb/THG6500-MINI-TAX2-OPENWRT-BSP_TGP3/build_dir/host/cmake-3.22.3/CMakeFiles/CMakeTmp

Run Build Command(s):/mnt/sdb/THG6500-MINI-TAX2-OPENWRT-BSP_TGP3/staging_dir/host/bin/ninja cmTC_6bf31 && [1/2] Building C object CMakeFiles/cmTC_6bf31.dir/CheckSymbolExists.c.o
FAILED: CMakeFiles/cmTC_6bf31.dir/CheckSymbolExists.c.o 
/mnt/sdb/THG6500-MINI-TAX2-OPENWRT-BSP_TGP3/staging_dir/host/bin/gcc   -O2 -I/mnt/sdb/THG6500-MINI-TAX2-OPENWRT-BSP_TGP3/staging_dir/host/include -w  -std=gnu11 -o CMakeFiles/cmTC_6bf31.dir/CheckSymbolExists.c.o -c /mnt/sdb/THG6500-MINI-TAX2-OPENWRT-BSP_TGP3/build_dir/host/cmake-3.22.3/CMakeFiles/CMakeTmp/CheckSymbolExists.c
/mnt/sdb/THG6500-MINI-TAX2-OPENWRT-BSP_TGP3/build_dir/host/cmake-3.22.3/CMakeFiles/CMakeTmp/CheckSymbolExists.c: In function 'main':
/mnt/sdb/THG6500-MINI-TAX2-OPENWRT-BSP_TGP3/build_dir/host/cmake-3.22.3/CMakeFiles/CMakeTmp/CheckSymbolExists.c:7:19: error: 'RAND_screen' undeclared (first use in this function)
    7 |   return ((int*)(&RAND_screen))[argc];
      |                   ^~~~~~~~~~~
/mnt/sdb/THG6500-MINI-TAX2-OPENWRT-BSP_TGP3/build_dir/host/cmake-3.22.3/CMakeFiles/CMakeTmp/CheckSymbolExists.c:7:19: note: each undeclared identifier is reported only once for each function it appears in
ninja: build stopped: subcommand failed.


File /mnt/sdb/THG6500-MINI-TAX2-OPENWRT-BSP_TGP3/build_dir/host/cmake-3.22.3/CMakeFiles/CMakeTmp/CheckSymbolExists.c:
/* */

int main(int argc, char** argv)
{
  (void)argv;
#ifndef RAND_screen
  return ((int*)(&RAND_screen))[argc];
#else
  (void)argc;
  return 0;
#endif
}
Determining if the RAND_egd exist failed with the following output:
Change Dir: /mnt/sdb/THG6500-MINI-TAX2-OPENWRT-BSP_TGP3/build_dir/host/cmake-3.22.3/CMakeFiles/CMakeTmp

Run Build Command(s):/mnt/sdb/THG6500-MINI-TAX2-OPENWRT-BSP_TGP3/staging_dir/host/bin/ninja cmTC_61fba && [1/2] Building C object CMakeFiles/cmTC_61fba.dir/CheckSymbolExists.c.o
FAILED: CMakeFiles/cmTC_61fba.dir/CheckSymbolExists.c.o 
/mnt/sdb/THG6500-MINI-TAX2-OPENWRT-BSP_TGP3/staging_dir/host/bin/gcc   -O2 -I/mnt/sdb/THG6500-MINI-TAX2-OPENWRT-BSP_TGP3/staging_dir/host/include -w  -std=gnu11 -o CMakeFiles/cmTC_61fba.dir/CheckSymbolExists.c.o -c /mnt/sdb/THG6500-MINI-TAX2-OPENWRT-BSP_TGP3/build_dir/host/cmake-3.22.3/CMakeFiles/CMakeTmp/CheckSymbolExists.c
/mnt/sdb/THG6500-MINI-TAX2-OPENWRT-BSP_TGP3/build_dir/host/cmake-3.22.3/CMakeFiles/CMakeTmp/CheckSymbolExists.c: In function 'main':
/mnt/sdb/THG6500-MINI-TAX2-OPENWRT-BSP_TGP3/build_dir/host/cmake-3.22.3/CMakeFiles/CMakeTmp/CheckSymbolExists.c:7:19: error: 'RAND_egd' undeclared (first use in this function)
    7 |   return ((int*)(&RAND_egd))[argc];
      |                   ^~~~~~~~
/mnt/sdb/THG6500-MINI-TAX2-OPENWRT-BSP_TGP3/build_dir/host/cmake-3.22.3/CMakeFiles/CMakeTmp/CheckSymbolExists.c:7:19: note: each undeclared identifier is reported only once for each function it appears in
ninja: build stopped: subcommand failed.


File /mnt/sdb/THG6500-MINI-TAX2-OPENWRT-BSP_TGP3/build_dir/host/cmake-3.22.3/CMakeFiles/CMakeTmp/CheckSymbolExists.c:
/* */

int main(int argc, char** argv)
{
  (void)argv;
#ifndef RAND_egd
  return ((int*)(&RAND_egd))[argc];
#else
  (void)argc;
  return 0;
#endif
}
Determining if the function dlopen exists in the dl;/mnt/sdb/THG6500-MINI-TAX2-OPENWRT-BSP_TGP3/staging_dir/host/lib/libssl.a;/mnt/sdb/THG6500-MINI-TAX2-OPENWRT-BSP_TGP3/staging_dir/host/lib/libcrypto.a;dl;rt;pthread;cmnghttp2 failed with the following output:
Change Dir: /mnt/sdb/THG6500-MINI-TAX2-OPENWRT-BSP_TGP3/build_dir/host/cmake-3.22.3/CMakeFiles/CMakeTmp

Run Build Command(s):/mnt/sdb/THG6500-MINI-TAX2-OPENWRT-BSP_TGP3/staging_dir/host/bin/ninja cmTC_a1232 && [1/2] Building C object CMakeFiles/cmTC_a1232.dir/CheckFunctionExists.c.o
[2/2] Linking C executable cmTC_a1232
FAILED: cmTC_a1232 
: && /mnt/sdb/THG6500-MINI-TAX2-OPENWRT-BSP_TGP3/staging_dir/host/bin/gcc -O2 -I/mnt/sdb/THG6500-MINI-TAX2-OPENWRT-BSP_TGP3/staging_dir/host/include -w -DCHECK_FUNCTION_EXISTS=dlopen -L/mnt/sdb/THG6500-MINI-TAX2-OPENWRT-BSP_TGP3/staging_dir/host/lib CMakeFiles/cmTC_a1232.dir/CheckFunctionExists.c.o -o cmTC_a1232  -ldl  /mnt/sdb/THG6500-MINI-TAX2-OPENWRT-BSP_TGP3/staging_dir/host/lib/libssl.a  /mnt/sdb/THG6500-MINI-TAX2-OPENWRT-BSP_TGP3/staging_dir/host/lib/libcrypto.a  -ldl  -lrt  -lpthread  -lcmnghttp2  /mnt/sdb/THG6500-MINI-TAX2-OPENWRT-BSP_TGP3/staging_dir/host/lib/libssl.a  /mnt/sdb/THG6500-MINI-TAX2-OPENWRT-BSP_TGP3/staging_dir/host/lib/libcrypto.a  -lrt  -lpthread  -lcmnghttp2 && :
/usr/bin/ld: cannot find -lcmnghttp2: No such file or directory
/usr/bin/ld: cannot find -lcmnghttp2: No such file or directory
collect2: error: ld returned 1 exit status
ninja: build stopped: subcommand failed.



Determining if files stdio.h;inttypes.h;sys/filio.h exist failed with the following output:
Change Dir: /mnt/sdb/THG6500-MINI-TAX2-OPENWRT-BSP_TGP3/build_dir/host/cmake-3.22.3/CMakeFiles/CMakeTmp

Run Build Command(s):/mnt/sdb/THG6500-MINI-TAX2-OPENWRT-BSP_TGP3/staging_dir/host/bin/ninja cmTC_fb00f && [1/2] Building C object CMakeFiles/cmTC_fb00f.dir/HAVE_SYS_FILIO_H.c.o
FAILED: CMakeFiles/cmTC_fb00f.dir/HAVE_SYS_FILIO_H.c.o 
/mnt/sdb/THG6500-MINI-TAX2-OPENWRT-BSP_TGP3/staging_dir/host/bin/gcc   -O2 -I/mnt/sdb/THG6500-MINI-TAX2-OPENWRT-BSP_TGP3/staging_dir/host/include -w  -std=gnu11 -o CMakeFiles/cmTC_fb00f.dir/HAVE_SYS_FILIO_H.c.o -c /mnt/sdb/THG6500-MINI-TAX2-OPENWRT-BSP_TGP3/build_dir/host/cmake-3.22.3/CMakeFiles/CheckIncludeFiles/HAVE_SYS_FILIO_H.c
/mnt/sdb/THG6500-MINI-TAX2-OPENWRT-BSP_TGP3/build_dir/host/cmake-3.22.3/CMakeFiles/CheckIncludeFiles/HAVE_SYS_FILIO_H.c:4:10: fatal error: sys/filio.h: No such file or directory
    4 | #include <sys/filio.h>
      |          ^~~~~~~~~~~~~
compilation terminated.
ninja: build stopped: subcommand failed.


Source:
/* */
#include <stdio.h>
#include <inttypes.h>
#include <sys/filio.h>


int main(void){return 0;}

Determining if files stdio.h;inttypes.h;sys/ioctl.h;sys/param.h;sys/poll.h;sys/resource.h;sys/select.h;sys/socket.h;sys/sockio.h exist failed with the following output:
Change Dir: /mnt/sdb/THG6500-MINI-TAX2-OPENWRT-BSP_TGP3/build_dir/host/cmake-3.22.3/CMakeFiles/CMakeTmp

Run Build Command(s):/mnt/sdb/THG6500-MINI-TAX2-OPENWRT-BSP_TGP3/staging_dir/host/bin/ninja cmTC_a6fcf && [1/2] Building C object CMakeFiles/cmTC_a6fcf.dir/HAVE_SYS_SOCKIO_H.c.o
FAILED: CMakeFiles/cmTC_a6fcf.dir/HAVE_SYS_SOCKIO_H.c.o 
/mnt/sdb/THG6500-MINI-TAX2-OPENWRT-BSP_TGP3/staging_dir/host/bin/gcc   -O2 -I/mnt/sdb/THG6500-MINI-TAX2-OPENWRT-BSP_TGP3/staging_dir/host/include -w  -std=gnu11 -o CMakeFiles/cmTC_a6fcf.dir/HAVE_SYS_SOCKIO_H.c.o -c /mnt/sdb/THG6500-MINI-TAX2-OPENWRT-BSP_TGP3/build_dir/host/cmake-3.22.3/CMakeFiles/CheckIncludeFiles/HAVE_SYS_SOCKIO_H.c
/mnt/sdb/THG6500-MINI-TAX2-OPENWRT-BSP_TGP3/build_dir/host/cmake-3.22.3/CMakeFiles/CheckIncludeFiles/HAVE_SYS_SOCKIO_H.c:10:10: fatal error: sys/sockio.h: No such file or directory
   10 | #include <sys/sockio.h>
      |          ^~~~~~~~~~~~~~
compilation terminated.
ninja: build stopped: subcommand failed.


Source:
/* */
#include <stdio.h>
#include <inttypes.h>
#include <sys/ioctl.h>
#include <sys/param.h>
#include <sys/poll.h>
#include <sys/resource.h>
#include <sys/select.h>
#include <sys/socket.h>
#include <sys/sockio.h>


int main(void){return 0;}

Determining if files stdio.h;inttypes.h;sys/ioctl.h;sys/param.h;sys/poll.h;sys/resource.h;sys/select.h;sys/socket.h;sys/stat.h;sys/time.h;sys/types.h;sys/uio.h;sys/un.h;sys/utime.h exist failed with the following output:
Change Dir: /mnt/sdb/THG6500-MINI-TAX2-OPENWRT-BSP_TGP3/build_dir/host/cmake-3.22.3/CMakeFiles/CMakeTmp

Run Build Command(s):/mnt/sdb/THG6500-MINI-TAX2-OPENWRT-BSP_TGP3/staging_dir/host/bin/ninja cmTC_aff1e && [1/2] Building C object CMakeFiles/cmTC_aff1e.dir/HAVE_SYS_UTIME_H.c.o
FAILED: CMakeFiles/cmTC_aff1e.dir/HAVE_SYS_UTIME_H.c.o 
/mnt/sdb/THG6500-MINI-TAX2-OPENWRT-BSP_TGP3/staging_dir/host/bin/gcc   -O2 -I/mnt/sdb/THG6500-MINI-TAX2-OPENWRT-BSP_TGP3/staging_dir/host/include -w  -std=gnu11 -o CMakeFiles/cmTC_aff1e.dir/HAVE_SYS_UTIME_H.c.o -c /mnt/sdb/THG6500-MINI-TAX2-OPENWRT-BSP_TGP3/build_dir/host/cmake-3.22.3/CMakeFiles/CheckIncludeFiles/HAVE_SYS_UTIME_H.c
/mnt/sdb/THG6500-MINI-TAX2-OPENWRT-BSP_TGP3/build_dir/host/cmake-3.22.3/CMakeFiles/CheckIncludeFiles/HAVE_SYS_UTIME_H.c:15:10: fatal error: sys/utime.h: No such file or directory
   15 | #include <sys/utime.h>
      |          ^~~~~~~~~~~~~
compilation terminated.
ninja: build stopped: subcommand failed.


Source:
/* */
#include <stdio.h>
#include <inttypes.h>
#include <sys/ioctl.h>
#include <sys/param.h>
#include <sys/poll.h>
#include <sys/resource.h>
#include <sys/select.h>
#include <sys/socket.h>
#include <sys/stat.h>
#include <sys/time.h>
#include <sys/types.h>
#include <sys/uio.h>
#include <sys/un.h>
#include <sys/utime.h>


int main(void){return 0;}

Determining if files stdio.h;inttypes.h;sys/ioctl.h;sys/param.h;sys/poll.h;sys/resource.h;sys/select.h;sys/socket.h;sys/stat.h;sys/time.h;sys/types.h;sys/uio.h;sys/un.h;sys/xattr.h;alloca.h;arpa/inet.h;arpa/tftp.h;assert.h;errno.h;fcntl.h;idn2.h;ifaddrs.h;io.h exist failed with the following output:
Change Dir: /mnt/sdb/THG6500-MINI-TAX2-OPENWRT-BSP_TGP3/build_dir/host/cmake-3.22.3/CMakeFiles/CMakeTmp

Run Build Command(s):/mnt/sdb/THG6500-MINI-TAX2-OPENWRT-BSP_TGP3/staging_dir/host/bin/ninja cmTC_87d52 && [1/2] Building C object CMakeFiles/cmTC_87d52.dir/HAVE_IO_H.c.o
FAILED: CMakeFiles/cmTC_87d52.dir/HAVE_IO_H.c.o 
/mnt/sdb/THG6500-MINI-TAX2-OPENWRT-BSP_TGP3/staging_dir/host/bin/gcc   -O2 -I/mnt/sdb/THG6500-MINI-TAX2-OPENWRT-BSP_TGP3/staging_dir/host/include -w  -std=gnu11 -o CMakeFiles/cmTC_87d52.dir/HAVE_IO_H.c.o -c /mnt/sdb/THG6500-MINI-TAX2-OPENWRT-BSP_TGP3/build_dir/host/cmake-3.22.3/CMakeFiles/CheckIncludeFiles/HAVE_IO_H.c
/mnt/sdb/THG6500-MINI-TAX2-OPENWRT-BSP_TGP3/build_dir/host/cmake-3.22.3/CMakeFiles/CheckIncludeFiles/HAVE_IO_H.c:24:10: fatal error: io.h: No such file or directory
   24 | #include <io.h>
      |          ^~~~~~
compilation terminated.
ninja: build stopped: subcommand failed.


Source:
/* */
#include <stdio.h>
#include <inttypes.h>
#include <sys/ioctl.h>
#include <sys/param.h>
#include <sys/poll.h>
#include <sys/resource.h>
#include <sys/select.h>
#include <sys/socket.h>
#include <sys/stat.h>
#include <sys/time.h>
#include <sys/types.h>
#include <sys/uio.h>
#include <sys/un.h>
#include <sys/xattr.h>
#include <alloca.h>
#include <arpa/inet.h>
#include <arpa/tftp.h>
#include <assert.h>
#include <errno.h>
#include <fcntl.h>
#include <idn2.h>
#include <ifaddrs.h>
#include <io.h>


int main(void){return 0;}

Determining if files stdio.h;inttypes.h;sys/ioctl.h;sys/param.h;sys/poll.h;sys/resource.h;sys/select.h;sys/socket.h;sys/stat.h;sys/time.h;sys/types.h;sys/uio.h;sys/un.h;sys/xattr.h;alloca.h;arpa/inet.h;arpa/tftp.h;assert.h;errno.h;fcntl.h;idn2.h;ifaddrs.h;krb.h exist failed with the following output:
Change Dir: /mnt/sdb/THG6500-MINI-TAX2-OPENWRT-BSP_TGP3/build_dir/host/cmake-3.22.3/CMakeFiles/CMakeTmp

Run Build Command(s):/mnt/sdb/THG6500-MINI-TAX2-OPENWRT-BSP_TGP3/staging_dir/host/bin/ninja cmTC_e8ba9 && [1/2] Building C object CMakeFiles/cmTC_e8ba9.dir/HAVE_KRB_H.c.o
FAILED: CMakeFiles/cmTC_e8ba9.dir/HAVE_KRB_H.c.o 
/mnt/sdb/THG6500-MINI-TAX2-OPENWRT-BSP_TGP3/staging_dir/host/bin/gcc   -O2 -I/mnt/sdb/THG6500-MINI-TAX2-OPENWRT-BSP_TGP3/staging_dir/host/include -w  -std=gnu11 -o CMakeFiles/cmTC_e8ba9.dir/HAVE_KRB_H.c.o -c /mnt/sdb/THG6500-MINI-TAX2-OPENWRT-BSP_TGP3/build_dir/host/cmake-3.22.3/CMakeFiles/CheckIncludeFiles/HAVE_KRB_H.c
/mnt/sdb/THG6500-MINI-TAX2-OPENWRT-BSP_TGP3/build_dir/host/cmake-3.22.3/CMakeFiles/CheckIncludeFiles/HAVE_KRB_H.c:24:10: fatal error: krb.h: No such file or directory
   24 | #include <krb.h>
      |          ^~~~~~~
compilation terminated.
ninja: build stopped: subcommand failed.


Source:
/* */
#include <stdio.h>
#include <inttypes.h>
#include <sys/ioctl.h>
#include <sys/param.h>
#include <sys/poll.h>
#include <sys/resource.h>
#include <sys/select.h>
#include <sys/socket.h>
#include <sys/stat.h>
#include <sys/time.h>
#include <sys/types.h>
#include <sys/uio.h>
#include <sys/un.h>
#include <sys/xattr.h>
#include <alloca.h>
#include <arpa/inet.h>
#include <arpa/tftp.h>
#include <assert.h>
#include <errno.h>
#include <fcntl.h>
#include <idn2.h>
#include <ifaddrs.h>
#include <krb.h>


int main(void){return 0;}

Determining if files stdio.h;inttypes.h;sys/ioctl.h;sys/param.h;sys/poll.h;sys/resource.h;sys/select.h;sys/socket.h;sys/stat.h;sys/time.h;sys/types.h;sys/uio.h;sys/un.h;sys/xattr.h;alloca.h;arpa/inet.h;arpa/tftp.h;assert.h;errno.h;fcntl.h;idn2.h;ifaddrs.h;libgen.h;locale.h;net/if.h;netdb.h;netinet/in.h;netinet/tcp.h;pem.h exist failed with the following output:
Change Dir: /mnt/sdb/THG6500-MINI-TAX2-OPENWRT-BSP_TGP3/build_dir/host/cmake-3.22.3/CMakeFiles/CMakeTmp

Run Build Command(s):/mnt/sdb/THG6500-MINI-TAX2-OPENWRT-BSP_TGP3/staging_dir/host/bin/ninja cmTC_869fa && [1/2] Building C object CMakeFiles/cmTC_869fa.dir/HAVE_PEM_H.c.o
FAILED: CMakeFiles/cmTC_869fa.dir/HAVE_PEM_H.c.o 
/mnt/sdb/THG6500-MINI-TAX2-OPENWRT-BSP_TGP3/staging_dir/host/bin/gcc   -O2 -I/mnt/sdb/THG6500-MINI-TAX2-OPENWRT-BSP_TGP3/staging_dir/host/include -w  -std=gnu11 -o CMakeFiles/cmTC_869fa.dir/HAVE_PEM_H.c.o -c /mnt/sdb/THG6500-MINI-TAX2-OPENWRT-BSP_TGP3/build_dir/host/cmake-3.22.3/CMakeFiles/CheckIncludeFiles/HAVE_PEM_H.c
/mnt/sdb/THG6500-MINI-TAX2-OPENWRT-BSP_TGP3/build_dir/host/cmake-3.22.3/CMakeFiles/CheckIncludeFiles/HAVE_PEM_H.c:30:10: fatal error: pem.h: No such file or directory
   30 | #include <pem.h>
      |          ^~~~~~~
compilation terminated.
ninja: build stopped: subcommand failed.


Source:
/* */
#include <stdio.h>
#include <inttypes.h>
#include <sys/ioctl.h>
#include <sys/param.h>
#include <sys/poll.h>
#include <sys/resource.h>
#include <sys/select.h>
#include <sys/socket.h>
#include <sys/stat.h>
#include <sys/time.h>
#include <sys/types.h>
#include <sys/uio.h>
#include <sys/un.h>
#include <sys/xattr.h>
#include <alloca.h>
#include <arpa/inet.h>
#include <arpa/tftp.h>
#include <assert.h>
#include <errno.h>
#include <fcntl.h>
#include <idn2.h>
#include <ifaddrs.h>
#include <libgen.h>
#include <locale.h>
#include <net/if.h>
#include <netdb.h>
#include <netinet/in.h>
#include <netinet/tcp.h>
#include <pem.h>


int main(void){return 0;}

Determining if files stdio.h;inttypes.h;sys/ioctl.h;sys/param.h;sys/poll.h;sys/resource.h;sys/select.h;sys/socket.h;sys/stat.h;sys/time.h;sys/types.h;sys/uio.h;sys/un.h;sys/xattr.h;alloca.h;arpa/inet.h;arpa/tftp.h;assert.h;errno.h;fcntl.h;idn2.h;ifaddrs.h;libgen.h;locale.h;net/if.h;netdb.h;netinet/in.h;netinet/tcp.h;poll.h;pwd.h;setjmp.h;signal.h;ssl.h exist failed with the following output:
Change Dir: /mnt/sdb/THG6500-MINI-TAX2-OPENWRT-BSP_TGP3/build_dir/host/cmake-3.22.3/CMakeFiles/CMakeTmp

Run Build Command(s):/mnt/sdb/THG6500-MINI-TAX2-OPENWRT-BSP_TGP3/staging_dir/host/bin/ninja cmTC_80ad2 && [1/2] Building C object CMakeFiles/cmTC_80ad2.dir/HAVE_SSL_H.c.o
FAILED: CMakeFiles/cmTC_80ad2.dir/HAVE_SSL_H.c.o 
/mnt/sdb/THG6500-MINI-TAX2-OPENWRT-BSP_TGP3/staging_dir/host/bin/gcc   -O2 -I/mnt/sdb/THG6500-MINI-TAX2-OPENWRT-BSP_TGP3/staging_dir/host/include -w  -std=gnu11 -o CMakeFiles/cmTC_80ad2.dir/HAVE_SSL_H.c.o -c /mnt/sdb/THG6500-MINI-TAX2-OPENWRT-BSP_TGP3/build_dir/host/cmake-3.22.3/CMakeFiles/CheckIncludeFiles/HAVE_SSL_H.c
/mnt/sdb/THG6500-MINI-TAX2-OPENWRT-BSP_TGP3/build_dir/host/cmake-3.22.3/CMakeFiles/CheckIncludeFiles/HAVE_SSL_H.c:34:10: fatal error: ssl.h: No such file or directory
   34 | #include <ssl.h>
      |          ^~~~~~~
compilation terminated.
ninja: build stopped: subcommand failed.


Source:
/* */
#include <stdio.h>
#include <inttypes.h>
#include <sys/ioctl.h>
#include <sys/param.h>
#include <sys/poll.h>
#include <sys/resource.h>
#include <sys/select.h>
#include <sys/socket.h>
#include <sys/stat.h>
#include <sys/time.h>
#include <sys/types.h>
#include <sys/uio.h>
#include <sys/un.h>
#include <sys/xattr.h>
#include <alloca.h>
#include <arpa/inet.h>
#include <arpa/tftp.h>
#include <assert.h>
#include <errno.h>
#include <fcntl.h>
#include <idn2.h>
#include <ifaddrs.h>
#include <libgen.h>
#include <locale.h>
#include <net/if.h>
#include <netdb.h>
#include <netinet/in.h>
#include <netinet/tcp.h>
#include <poll.h>
#include <pwd.h>
#include <setjmp.h>
#include <signal.h>
#include <ssl.h>


int main(void){return 0;}

Determining if files stdio.h;inttypes.h;sys/ioctl.h;sys/param.h;sys/poll.h;sys/resource.h;sys/select.h;sys/socket.h;sys/stat.h;sys/time.h;sys/types.h;sys/uio.h;sys/un.h;sys/xattr.h;alloca.h;arpa/inet.h;arpa/tftp.h;assert.h;errno.h;fcntl.h;idn2.h;ifaddrs.h;libgen.h;locale.h;net/if.h;netdb.h;netinet/in.h;netinet/tcp.h;poll.h;pwd.h;setjmp.h;signal.h;stdbool.h;stdint.h;stdio.h;stdlib.h;string.h;strings.h;stropts.h exist failed with the following output:
Change Dir: /mnt/sdb/THG6500-MINI-TAX2-OPENWRT-BSP_TGP3/build_dir/host/cmake-3.22.3/CMakeFiles/CMakeTmp

Run Build Command(s):/mnt/sdb/THG6500-MINI-TAX2-OPENWRT-BSP_TGP3/staging_dir/host/bin/ninja cmTC_7fb36 && [1/2] Building C object CMakeFiles/cmTC_7fb36.dir/HAVE_STROPTS_H.c.o
FAILED: CMakeFiles/cmTC_7fb36.dir/HAVE_STROPTS_H.c.o 
/mnt/sdb/THG6500-MINI-TAX2-OPENWRT-BSP_TGP3/staging_dir/host/bin/gcc   -O2 -I/mnt/sdb/THG6500-MINI-TAX2-OPENWRT-BSP_TGP3/staging_dir/host/include -w  -std=gnu11 -o CMakeFiles/cmTC_7fb36.dir/HAVE_STROPTS_H.c.o -c /mnt/sdb/THG6500-MINI-TAX2-OPENWRT-BSP_TGP3/build_dir/host/cmake-3.22.3/CMakeFiles/CheckIncludeFiles/HAVE_STROPTS_H.c
/mnt/sdb/THG6500-MINI-TAX2-OPENWRT-BSP_TGP3/build_dir/host/cmake-3.22.3/CMakeFiles/CheckIncludeFiles/HAVE_STROPTS_H.c:40:10: fatal error: stropts.h: No such file or directory
   40 | #include <stropts.h>
      |          ^~~~~~~~~~~
compilation terminated.
ninja: build stopped: subcommand failed.


Source:
/* */
#include <stdio.h>
#include <inttypes.h>
#include <sys/ioctl.h>
#include <sys/param.h>
#include <sys/poll.h>
#include <sys/resource.h>
#include <sys/select.h>
#include <sys/socket.h>
#include <sys/stat.h>
#include <sys/time.h>
#include <sys/types.h>
#include <sys/uio.h>
#include <sys/un.h>
#include <sys/xattr.h>
#include <alloca.h>
#include <arpa/inet.h>
#include <arpa/tftp.h>
#include <assert.h>
#include <errno.h>
#include <fcntl.h>
#include <idn2.h>
#include <ifaddrs.h>
#include <libgen.h>
#include <locale.h>
#include <net/if.h>
#include <netdb.h>
#include <netinet/in.h>
#include <netinet/tcp.h>
#include <poll.h>
#include <pwd.h>
#include <setjmp.h>
#include <signal.h>
#include <stdbool.h>
#include <stdint.h>
#include <stdio.h>
#include <stdlib.h>
#include <string.h>
#include <strings.h>
#include <stropts.h>


int main(void){return 0;}

Determining if files stdio.h;inttypes.h;sys/ioctl.h;sys/param.h;sys/poll.h;sys/resource.h;sys/select.h;sys/socket.h;sys/stat.h;sys/time.h;sys/types.h;sys/uio.h;sys/un.h;sys/xattr.h;alloca.h;arpa/inet.h;arpa/tftp.h;assert.h;errno.h;fcntl.h;idn2.h;ifaddrs.h;libgen.h;locale.h;net/if.h;netdb.h;netinet/in.h;netinet/tcp.h;poll.h;pwd.h;setjmp.h;signal.h;stdbool.h;stdint.h;stdio.h;stdlib.h;string.h;strings.h;termio.h;termios.h;time.h;unistd.h;utime.h;x509.h exist failed with the following output:
Change Dir: /mnt/sdb/THG6500-MINI-TAX2-OPENWRT-BSP_TGP3/build_dir/host/cmake-3.22.3/CMakeFiles/CMakeTmp

Run Build Command(s):/mnt/sdb/THG6500-MINI-TAX2-OPENWRT-BSP_TGP3/staging_dir/host/bin/ninja cmTC_57073 && [1/2] Building C object CMakeFiles/cmTC_57073.dir/HAVE_X509_H.c.o
FAILED: CMakeFiles/cmTC_57073.dir/HAVE_X509_H.c.o 
/mnt/sdb/THG6500-MINI-TAX2-OPENWRT-BSP_TGP3/staging_dir/host/bin/gcc   -O2 -I/mnt/sdb/THG6500-MINI-TAX2-OPENWRT-BSP_TGP3/staging_dir/host/include -w  -std=gnu11 -o CMakeFiles/cmTC_57073.dir/HAVE_X509_H.c.o -c /mnt/sdb/THG6500-MINI-TAX2-OPENWRT-BSP_TGP3/build_dir/host/cmake-3.22.3/CMakeFiles/CheckIncludeFiles/HAVE_X509_H.c
/mnt/sdb/THG6500-MINI-TAX2-OPENWRT-BSP_TGP3/build_dir/host/cmake-3.22.3/CMakeFiles/CheckIncludeFiles/HAVE_X509_H.c:45:10: fatal error: x509.h: No such file or directory
   45 | #include <x509.h>
      |          ^~~~~~~~
compilation terminated.
ninja: build stopped: subcommand failed.


Source:
/* */
#include <stdio.h>
#include <inttypes.h>
#include <sys/ioctl.h>
#include <sys/param.h>
#include <sys/poll.h>
#include <sys/resource.h>
#include <sys/select.h>
#include <sys/socket.h>
#include <sys/stat.h>
#include <sys/time.h>
#include <sys/types.h>
#include <sys/uio.h>
#include <sys/un.h>
#include <sys/xattr.h>
#include <alloca.h>
#include <arpa/inet.h>
#include <arpa/tftp.h>
#include <assert.h>
#include <errno.h>
#include <fcntl.h>
#include <idn2.h>
#include <ifaddrs.h>
#include <libgen.h>
#include <locale.h>
#include <net/if.h>
#include <netdb.h>
#include <netinet/in.h>
#include <netinet/tcp.h>
#include <poll.h>
#include <pwd.h>
#include <setjmp.h>
#include <signal.h>
#include <stdbool.h>
#include <stdint.h>
#include <stdio.h>
#include <stdlib.h>
#include <string.h>
#include <strings.h>
#include <termio.h>
#include <termios.h>
#include <time.h>
#include <unistd.h>
#include <utime.h>
#include <x509.h>


int main(void){return 0;}

Determining if files stdio.h;inttypes.h;sys/ioctl.h;sys/param.h;sys/poll.h;sys/resource.h;sys/select.h;sys/socket.h;sys/stat.h;sys/time.h;sys/types.h;sys/uio.h;sys/un.h;sys/xattr.h;alloca.h;arpa/inet.h;arpa/tftp.h;assert.h;errno.h;fcntl.h;idn2.h;ifaddrs.h;libgen.h;locale.h;net/if.h;netdb.h;netinet/in.h;netinet/tcp.h;poll.h;pwd.h;setjmp.h;signal.h;stdbool.h;stdint.h;stdio.h;stdlib.h;string.h;strings.h;termio.h;termios.h;time.h;unistd.h;utime.h;process.h exist failed with the following output:
Change Dir: /mnt/sdb/THG6500-MINI-TAX2-OPENWRT-BSP_TGP3/build_dir/host/cmake-3.22.3/CMakeFiles/CMakeTmp

Run Build Command(s):/mnt/sdb/THG6500-MINI-TAX2-OPENWRT-BSP_TGP3/staging_dir/host/bin/ninja cmTC_cb236 && [1/2] Building C object CMakeFiles/cmTC_cb236.dir/HAVE_PROCESS_H.c.o
FAILED: CMakeFiles/cmTC_cb236.dir/HAVE_PROCESS_H.c.o 
/mnt/sdb/THG6500-MINI-TAX2-OPENWRT-BSP_TGP3/staging_dir/host/bin/gcc   -O2 -I/mnt/sdb/THG6500-MINI-TAX2-OPENWRT-BSP_TGP3/staging_dir/host/include -w  -std=gnu11 -o CMakeFiles/cmTC_cb236.dir/HAVE_PROCESS_H.c.o -c /mnt/sdb/THG6500-MINI-TAX2-OPENWRT-BSP_TGP3/build_dir/host/cmake-3.22.3/CMakeFiles/CheckIncludeFiles/HAVE_PROCESS_H.c
/mnt/sdb/THG6500-MINI-TAX2-OPENWRT-BSP_TGP3/build_dir/host/cmake-3.22.3/CMakeFiles/CheckIncludeFiles/HAVE_PROCESS_H.c:45:10: fatal error: process.h: No such file or directory
   45 | #include <process.h>
      |          ^~~~~~~~~~~
compilation terminated.
ninja: build stopped: subcommand failed.


Source:
/* */
#include <stdio.h>
#include <inttypes.h>
#include <sys/ioctl.h>
#include <sys/param.h>
#include <sys/poll.h>
#include <sys/resource.h>
#include <sys/select.h>
#include <sys/socket.h>
#include <sys/stat.h>
#include <sys/time.h>
#include <sys/types.h>
#include <sys/uio.h>
#include <sys/un.h>
#include <sys/xattr.h>
#include <alloca.h>
#include <arpa/inet.h>
#include <arpa/tftp.h>
#include <assert.h>
#include <errno.h>
#include <fcntl.h>
#include <idn2.h>
#include <ifaddrs.h>
#include <libgen.h>
#include <locale.h>
#include <net/if.h>
#include <netdb.h>
#include <netinet/in.h>
#include <netinet/tcp.h>
#include <poll.h>
#include <pwd.h>
#include <setjmp.h>
#include <signal.h>
#include <stdbool.h>
#include <stdint.h>
#include <stdio.h>
#include <stdlib.h>
#include <string.h>
#include <strings.h>
#include <termio.h>
#include <termios.h>
#include <time.h>
#include <unistd.h>
#include <utime.h>
#include <process.h>


int main(void){return 0;}

Determining if files stdio.h;inttypes.h;sys/ioctl.h;sys/param.h;sys/poll.h;sys/resource.h;sys/select.h;sys/socket.h;sys/stat.h;sys/time.h;sys/types.h;sys/uio.h;sys/un.h;sys/xattr.h;alloca.h;arpa/inet.h;arpa/tftp.h;assert.h;errno.h;fcntl.h;idn2.h;ifaddrs.h;libgen.h;locale.h;net/if.h;netdb.h;netinet/in.h;netinet/tcp.h;poll.h;pwd.h;setjmp.h;signal.h;stdbool.h;stdint.h;stdio.h;stdlib.h;string.h;strings.h;termio.h;termios.h;time.h;unistd.h;utime.h;stddef.h;dlfcn.h;malloc.h;memory.h;netinet/if_ether.h;stdint.h;sockio.h exist failed with the following output:
Change Dir: /mnt/sdb/THG6500-MINI-TAX2-OPENWRT-BSP_TGP3/build_dir/host/cmake-3.22.3/CMakeFiles/CMakeTmp

Run Build Command(s):/mnt/sdb/THG6500-MINI-TAX2-OPENWRT-BSP_TGP3/staging_dir/host/bin/ninja cmTC_49ed6 && [1/2] Building C object CMakeFiles/cmTC_49ed6.dir/HAVE_SOCKIO_H.c.o
FAILED: CMakeFiles/cmTC_49ed6.dir/HAVE_SOCKIO_H.c.o 
/mnt/sdb/THG6500-MINI-TAX2-OPENWRT-BSP_TGP3/staging_dir/host/bin/gcc   -O2 -I/mnt/sdb/THG6500-MINI-TAX2-OPENWRT-BSP_TGP3/staging_dir/host/include -w  -std=gnu11 -o CMakeFiles/cmTC_49ed6.dir/HAVE_SOCKIO_H.c.o -c /mnt/sdb/THG6500-MINI-TAX2-OPENWRT-BSP_TGP3/build_dir/host/cmake-3.22.3/CMakeFiles/CheckIncludeFiles/HAVE_SOCKIO_H.c
/mnt/sdb/THG6500-MINI-TAX2-OPENWRT-BSP_TGP3/build_dir/host/cmake-3.22.3/CMakeFiles/CheckIncludeFiles/HAVE_SOCKIO_H.c:51:10: fatal error: sockio.h: No such file or directory
   51 | #include <sockio.h>
      |          ^~~~~~~~~~
compilation terminated.
ninja: build stopped: subcommand failed.


Source:
/* */
#include <stdio.h>
#include <inttypes.h>
#include <sys/ioctl.h>
#include <sys/param.h>
#include <sys/poll.h>
#include <sys/resource.h>
#include <sys/select.h>
#include <sys/socket.h>
#include <sys/stat.h>
#include <sys/time.h>
#include <sys/types.h>
#include <sys/uio.h>
#include <sys/un.h>
#include <sys/xattr.h>
#include <alloca.h>
#include <arpa/inet.h>
#include <arpa/tftp.h>
#include <assert.h>
#include <errno.h>
#include <fcntl.h>
#include <idn2.h>
#include <ifaddrs.h>
#include <libgen.h>
#include <locale.h>
#include <net/if.h>
#include <netdb.h>
#include <netinet/in.h>
#include <netinet/tcp.h>
#include <poll.h>
#include <pwd.h>
#include <setjmp.h>
#include <signal.h>
#include <stdbool.h>
#include <stdint.h>
#include <stdio.h>
#include <stdlib.h>
#include <string.h>
#include <strings.h>
#include <termio.h>
#include <termios.h>
#include <time.h>
#include <unistd.h>
#include <utime.h>
#include <stddef.h>
#include <dlfcn.h>
#include <malloc.h>
#include <memory.h>
#include <netinet/if_ether.h>
#include <stdint.h>
#include <sockio.h>


int main(void){return 0;}

Determining if the stricmp exist failed with the following output:
Change Dir: /mnt/sdb/THG6500-MINI-TAX2-OPENWRT-BSP_TGP3/build_dir/host/cmake-3.22.3/CMakeFiles/CMakeTmp

Run Build Command(s):/mnt/sdb/THG6500-MINI-TAX2-OPENWRT-BSP_TGP3/staging_dir/host/bin/ninja cmTC_8ec22 && [1/2] Building C object CMakeFiles/cmTC_8ec22.dir/CheckSymbolExists.c.o
FAILED: CMakeFiles/cmTC_8ec22.dir/CheckSymbolExists.c.o 
/mnt/sdb/THG6500-MINI-TAX2-OPENWRT-BSP_TGP3/staging_dir/host/bin/gcc   -O2 -I/mnt/sdb/THG6500-MINI-TAX2-OPENWRT-BSP_TGP3/staging_dir/host/include -w  -std=gnu11 -o CMakeFiles/cmTC_8ec22.dir/CheckSymbolExists.c.o -c /mnt/sdb/THG6500-MINI-TAX2-OPENWRT-BSP_TGP3/build_dir/host/cmake-3.22.3/CMakeFiles/CMakeTmp/CheckSymbolExists.c
/mnt/sdb/THG6500-MINI-TAX2-OPENWRT-BSP_TGP3/build_dir/host/cmake-3.22.3/CMakeFiles/CMakeTmp/CheckSymbolExists.c: In function 'main':
/mnt/sdb/THG6500-MINI-TAX2-OPENWRT-BSP_TGP3/build_dir/host/cmake-3.22.3/CMakeFiles/CMakeTmp/CheckSymbolExists.c:57:19: error: 'stricmp' undeclared (first use in this function); did you mean 'strncmp'?
   57 |   return ((int*)(&stricmp))[argc];
      |                   ^~~~~~~
      |                   strncmp
/mnt/sdb/THG6500-MINI-TAX2-OPENWRT-BSP_TGP3/build_dir/host/cmake-3.22.3/CMakeFiles/CMakeTmp/CheckSymbolExists.c:57:19: note: each undeclared identifier is reported only once for each function it appears in
ninja: build stopped: subcommand failed.


File /mnt/sdb/THG6500-MINI-TAX2-OPENWRT-BSP_TGP3/build_dir/host/cmake-3.22.3/CMakeFiles/CMakeTmp/CheckSymbolExists.c:
/* */
#include <stdio.h>
#include <inttypes.h>
#include <sys/ioctl.h>
#include <sys/param.h>
#include <sys/poll.h>
#include <sys/resource.h>
#include <sys/select.h>
#include <sys/socket.h>
#include <sys/stat.h>
#include <sys/time.h>
#include <sys/types.h>
#include <sys/uio.h>
#include <sys/un.h>
#include <sys/xattr.h>
#include <alloca.h>
#include <arpa/inet.h>
#include <arpa/tftp.h>
#include <assert.h>
#include <errno.h>
#include <fcntl.h>
#include <idn2.h>
#include <ifaddrs.h>
#include <libgen.h>
#include <locale.h>
#include <net/if.h>
#include <netdb.h>
#include <netinet/in.h>
#include <netinet/tcp.h>
#include <poll.h>
#include <pwd.h>
#include <setjmp.h>
#include <signal.h>
#include <stdbool.h>
#include <stdint.h>
#include <stdio.h>
#include <stdlib.h>
#include <string.h>
#include <strings.h>
#include <termio.h>
#include <termios.h>
#include <time.h>
#include <unistd.h>
#include <utime.h>
#include <stddef.h>
#include <dlfcn.h>
#include <malloc.h>
#include <memory.h>
#include <netinet/if_ether.h>
#include <stdint.h>
#include <sys/utsname.h>

int main(int argc, char** argv)
{
  (void)argv;
#ifndef stricmp
  return ((int*)(&stricmp))[argc];
#else
  (void)argc;
  return 0;
#endif
}
Determining if the strcmpi exist failed with the following output:
Change Dir: /mnt/sdb/THG6500-MINI-TAX2-OPENWRT-BSP_TGP3/build_dir/host/cmake-3.22.3/CMakeFiles/CMakeTmp

Run Build Command(s):/mnt/sdb/THG6500-MINI-TAX2-OPENWRT-BSP_TGP3/staging_dir/host/bin/ninja cmTC_1adca && [1/2] Building C object CMakeFiles/cmTC_1adca.dir/CheckSymbolExists.c.o
FAILED: CMakeFiles/cmTC_1adca.dir/CheckSymbolExists.c.o 
/mnt/sdb/THG6500-MINI-TAX2-OPENWRT-BSP_TGP3/staging_dir/host/bin/gcc   -O2 -I/mnt/sdb/THG6500-MINI-TAX2-OPENWRT-BSP_TGP3/staging_dir/host/include -w  -std=gnu11 -o CMakeFiles/cmTC_1adca.dir/CheckSymbolExists.c.o -c /mnt/sdb/THG6500-MINI-TAX2-OPENWRT-BSP_TGP3/build_dir/host/cmake-3.22.3/CMakeFiles/CMakeTmp/CheckSymbolExists.c
/mnt/sdb/THG6500-MINI-TAX2-OPENWRT-BSP_TGP3/build_dir/host/cmake-3.22.3/CMakeFiles/CMakeTmp/CheckSymbolExists.c: In function 'main':
/mnt/sdb/THG6500-MINI-TAX2-OPENWRT-BSP_TGP3/build_dir/host/cmake-3.22.3/CMakeFiles/CMakeTmp/CheckSymbolExists.c:57:19: error: 'strcmpi' undeclared (first use in this function); did you mean 'strcmp'?
   57 |   return ((int*)(&strcmpi))[argc];
      |                   ^~~~~~~
      |                   strcmp
/mnt/sdb/THG6500-MINI-TAX2-OPENWRT-BSP_TGP3/build_dir/host/cmake-3.22.3/CMakeFiles/CMakeTmp/CheckSymbolExists.c:57:19: note: each undeclared identifier is reported only once for each function it appears in
ninja: build stopped: subcommand failed.


File /mnt/sdb/THG6500-MINI-TAX2-OPENWRT-BSP_TGP3/build_dir/host/cmake-3.22.3/CMakeFiles/CMakeTmp/CheckSymbolExists.c:
/* */
#include <stdio.h>
#include <inttypes.h>
#include <sys/ioctl.h>
#include <sys/param.h>
#include <sys/poll.h>
#include <sys/resource.h>
#include <sys/select.h>
#include <sys/socket.h>
#include <sys/stat.h>
#include <sys/time.h>
#include <sys/types.h>
#include <sys/uio.h>
#include <sys/un.h>
#include <sys/xattr.h>
#include <alloca.h>
#include <arpa/inet.h>
#include <arpa/tftp.h>
#include <assert.h>
#include <errno.h>
#include <fcntl.h>
#include <idn2.h>
#include <ifaddrs.h>
#include <libgen.h>
#include <locale.h>
#include <net/if.h>
#include <netdb.h>
#include <netinet/in.h>
#include <netinet/tcp.h>
#include <poll.h>
#include <pwd.h>
#include <setjmp.h>
#include <signal.h>
#include <stdbool.h>
#include <stdint.h>
#include <stdio.h>
#include <stdlib.h>
#include <string.h>
#include <strings.h>
#include <termio.h>
#include <termios.h>
#include <time.h>
#include <unistd.h>
#include <utime.h>
#include <stddef.h>
#include <dlfcn.h>
#include <malloc.h>
#include <memory.h>
#include <netinet/if_ether.h>
#include <stdint.h>
#include <sys/utsname.h>

int main(int argc, char** argv)
{
  (void)argv;
#ifndef strcmpi
  return ((int*)(&strcmpi))[argc];
#else
  (void)argc;
  return 0;
#endif
}
Determining if the strncmpi exist failed with the following output:
Change Dir: /mnt/sdb/THG6500-MINI-TAX2-OPENWRT-BSP_TGP3/build_dir/host/cmake-3.22.3/CMakeFiles/CMakeTmp

Run Build Command(s):/mnt/sdb/THG6500-MINI-TAX2-OPENWRT-BSP_TGP3/staging_dir/host/bin/ninja cmTC_d6487 && [1/2] Building C object CMakeFiles/cmTC_d6487.dir/CheckSymbolExists.c.o
FAILED: CMakeFiles/cmTC_d6487.dir/CheckSymbolExists.c.o 
/mnt/sdb/THG6500-MINI-TAX2-OPENWRT-BSP_TGP3/staging_dir/host/bin/gcc   -O2 -I/mnt/sdb/THG6500-MINI-TAX2-OPENWRT-BSP_TGP3/staging_dir/host/include -w  -std=gnu11 -o CMakeFiles/cmTC_d6487.dir/CheckSymbolExists.c.o -c /mnt/sdb/THG6500-MINI-TAX2-OPENWRT-BSP_TGP3/build_dir/host/cmake-3.22.3/CMakeFiles/CMakeTmp/CheckSymbolExists.c
/mnt/sdb/THG6500-MINI-TAX2-OPENWRT-BSP_TGP3/build_dir/host/cmake-3.22.3/CMakeFiles/CMakeTmp/CheckSymbolExists.c: In function 'main':
/mnt/sdb/THG6500-MINI-TAX2-OPENWRT-BSP_TGP3/build_dir/host/cmake-3.22.3/CMakeFiles/CMakeTmp/CheckSymbolExists.c:57:19: error: 'strncmpi' undeclared (first use in this function); did you mean 'strncmp'?
   57 |   return ((int*)(&strncmpi))[argc];
      |                   ^~~~~~~~
      |                   strncmp
/mnt/sdb/THG6500-MINI-TAX2-OPENWRT-BSP_TGP3/build_dir/host/cmake-3.22.3/CMakeFiles/CMakeTmp/CheckSymbolExists.c:57:19: note: each undeclared identifier is reported only once for each function it appears in
ninja: build stopped: subcommand failed.


File /mnt/sdb/THG6500-MINI-TAX2-OPENWRT-BSP_TGP3/build_dir/host/cmake-3.22.3/CMakeFiles/CMakeTmp/CheckSymbolExists.c:
/* */
#include <stdio.h>
#include <inttypes.h>
#include <sys/ioctl.h>
#include <sys/param.h>
#include <sys/poll.h>
#include <sys/resource.h>
#include <sys/select.h>
#include <sys/socket.h>
#include <sys/stat.h>
#include <sys/time.h>
#include <sys/types.h>
#include <sys/uio.h>
#include <sys/un.h>
#include <sys/xattr.h>
#include <alloca.h>
#include <arpa/inet.h>
#include <arpa/tftp.h>
#include <assert.h>
#include <errno.h>
#include <fcntl.h>
#include <idn2.h>
#include <ifaddrs.h>
#include <libgen.h>
#include <locale.h>
#include <net/if.h>
#include <netdb.h>
#include <netinet/in.h>
#include <netinet/tcp.h>
#include <poll.h>
#include <pwd.h>
#include <setjmp.h>
#include <signal.h>
#include <stdbool.h>
#include <stdint.h>
#include <stdio.h>
#include <stdlib.h>
#include <string.h>
#include <strings.h>
#include <termio.h>
#include <termios.h>
#include <time.h>
#include <unistd.h>
#include <utime.h>
#include <stddef.h>
#include <dlfcn.h>
#include <malloc.h>
#include <memory.h>
#include <netinet/if_ether.h>
#include <stdint.h>
#include <sys/utsname.h>

int main(int argc, char** argv)
{
  (void)argv;
#ifndef strncmpi
  return ((int*)(&strncmpi))[argc];
#else
  (void)argc;
  return 0;
#endif
}
Determining if the closesocket exist failed with the following output:
Change Dir: /mnt/sdb/THG6500-MINI-TAX2-OPENWRT-BSP_TGP3/build_dir/host/cmake-3.22.3/CMakeFiles/CMakeTmp

Run Build Command(s):/mnt/sdb/THG6500-MINI-TAX2-OPENWRT-BSP_TGP3/staging_dir/host/bin/ninja cmTC_02895 && [1/2] Building C object CMakeFiles/cmTC_02895.dir/CheckSymbolExists.c.o
FAILED: CMakeFiles/cmTC_02895.dir/CheckSymbolExists.c.o 
/mnt/sdb/THG6500-MINI-TAX2-OPENWRT-BSP_TGP3/staging_dir/host/bin/gcc   -O2 -I/mnt/sdb/THG6500-MINI-TAX2-OPENWRT-BSP_TGP3/staging_dir/host/include -w  -std=gnu11 -o CMakeFiles/cmTC_02895.dir/CheckSymbolExists.c.o -c /mnt/sdb/THG6500-MINI-TAX2-OPENWRT-BSP_TGP3/build_dir/host/cmake-3.22.3/CMakeFiles/CMakeTmp/CheckSymbolExists.c
/mnt/sdb/THG6500-MINI-TAX2-OPENWRT-BSP_TGP3/build_dir/host/cmake-3.22.3/CMakeFiles/CMakeTmp/CheckSymbolExists.c: In function 'main':
/mnt/sdb/THG6500-MINI-TAX2-OPENWRT-BSP_TGP3/build_dir/host/cmake-3.22.3/CMakeFiles/CMakeTmp/CheckSymbolExists.c:57:19: error: 'closesocket' undeclared (first use in this function)
   57 |   return ((int*)(&closesocket))[argc];
      |                   ^~~~~~~~~~~
/mnt/sdb/THG6500-MINI-TAX2-OPENWRT-BSP_TGP3/build_dir/host/cmake-3.22.3/CMakeFiles/CMakeTmp/CheckSymbolExists.c:57:19: note: each undeclared identifier is reported only once for each function it appears in
ninja: build stopped: subcommand failed.


File /mnt/sdb/THG6500-MINI-TAX2-OPENWRT-BSP_TGP3/build_dir/host/cmake-3.22.3/CMakeFiles/CMakeTmp/CheckSymbolExists.c:
/* */
#include <stdio.h>
#include <inttypes.h>
#include <sys/ioctl.h>
#include <sys/param.h>
#include <sys/poll.h>
#include <sys/resource.h>
#include <sys/select.h>
#include <sys/socket.h>
#include <sys/stat.h>
#include <sys/time.h>
#include <sys/types.h>
#include <sys/uio.h>
#include <sys/un.h>
#include <sys/xattr.h>
#include <alloca.h>
#include <arpa/inet.h>
#include <arpa/tftp.h>
#include <assert.h>
#include <errno.h>
#include <fcntl.h>
#include <idn2.h>
#include <ifaddrs.h>
#include <libgen.h>
#include <locale.h>
#include <net/if.h>
#include <netdb.h>
#include <netinet/in.h>
#include <netinet/tcp.h>
#include <poll.h>
#include <pwd.h>
#include <setjmp.h>
#include <signal.h>
#include <stdbool.h>
#include <stdint.h>
#include <stdio.h>
#include <stdlib.h>
#include <string.h>
#include <strings.h>
#include <termio.h>
#include <termios.h>
#include <time.h>
#include <unistd.h>
#include <utime.h>
#include <stddef.h>
#include <dlfcn.h>
#include <malloc.h>
#include <memory.h>
#include <netinet/if_ether.h>
#include <stdint.h>
#include <sys/utsname.h>

int main(int argc, char** argv)
{
  (void)argv;
#ifndef closesocket
  return ((int*)(&closesocket))[argc];
#else
  (void)argc;
  return 0;
#endif
}
Determining if the getpass_r exist failed with the following output:
Change Dir: /mnt/sdb/THG6500-MINI-TAX2-OPENWRT-BSP_TGP3/build_dir/host/cmake-3.22.3/CMakeFiles/CMakeTmp

Run Build Command(s):/mnt/sdb/THG6500-MINI-TAX2-OPENWRT-BSP_TGP3/staging_dir/host/bin/ninja cmTC_ce43d && [1/2] Building C object CMakeFiles/cmTC_ce43d.dir/CheckSymbolExists.c.o
FAILED: CMakeFiles/cmTC_ce43d.dir/CheckSymbolExists.c.o 
/mnt/sdb/THG6500-MINI-TAX2-OPENWRT-BSP_TGP3/staging_dir/host/bin/gcc   -O2 -I/mnt/sdb/THG6500-MINI-TAX2-OPENWRT-BSP_TGP3/staging_dir/host/include -w  -std=gnu11 -o CMakeFiles/cmTC_ce43d.dir/CheckSymbolExists.c.o -c /mnt/sdb/THG6500-MINI-TAX2-OPENWRT-BSP_TGP3/build_dir/host/cmake-3.22.3/CMakeFiles/CMakeTmp/CheckSymbolExists.c
/mnt/sdb/THG6500-MINI-TAX2-OPENWRT-BSP_TGP3/build_dir/host/cmake-3.22.3/CMakeFiles/CMakeTmp/CheckSymbolExists.c: In function 'main':
/mnt/sdb/THG6500-MINI-TAX2-OPENWRT-BSP_TGP3/build_dir/host/cmake-3.22.3/CMakeFiles/CMakeTmp/CheckSymbolExists.c:57:19: error: 'getpass_r' undeclared (first use in this function); did you mean 'getpass'?
   57 |   return ((int*)(&getpass_r))[argc];
      |                   ^~~~~~~~~
      |                   getpass
/mnt/sdb/THG6500-MINI-TAX2-OPENWRT-BSP_TGP3/build_dir/host/cmake-3.22.3/CMakeFiles/CMakeTmp/CheckSymbolExists.c:57:19: note: each undeclared identifier is reported only once for each function it appears in
ninja: build stopped: subcommand failed.


File /mnt/sdb/THG6500-MINI-TAX2-OPENWRT-BSP_TGP3/build_dir/host/cmake-3.22.3/CMakeFiles/CMakeTmp/CheckSymbolExists.c:
/* */
#include <stdio.h>
#include <inttypes.h>
#include <sys/ioctl.h>
#include <sys/param.h>
#include <sys/poll.h>
#include <sys/resource.h>
#include <sys/select.h>
#include <sys/socket.h>
#include <sys/stat.h>
#include <sys/time.h>
#include <sys/types.h>
#include <sys/uio.h>
#include <sys/un.h>
#include <sys/xattr.h>
#include <alloca.h>
#include <arpa/inet.h>
#include <arpa/tftp.h>
#include <assert.h>
#include <errno.h>
#include <fcntl.h>
#include <idn2.h>
#include <ifaddrs.h>
#include <libgen.h>
#include <locale.h>
#include <net/if.h>
#include <netdb.h>
#include <netinet/in.h>
#include <netinet/tcp.h>
#include <poll.h>
#include <pwd.h>
#include <setjmp.h>
#include <signal.h>
#include <stdbool.h>
#include <stdint.h>
#include <stdio.h>
#include <stdlib.h>
#include <string.h>
#include <strings.h>
#include <termio.h>
#include <termios.h>
#include <time.h>
#include <unistd.h>
#include <utime.h>
#include <stddef.h>
#include <dlfcn.h>
#include <malloc.h>
#include <memory.h>
#include <netinet/if_ether.h>
#include <stdint.h>
#include <sys/utsname.h>

int main(int argc, char** argv)
{
  (void)argv;
#ifndef getpass_r
  return ((int*)(&getpass_r))[argc];
#else
  (void)argc;
  return 0;
#endif
}
Determining if the _strtoi64 exist failed with the following output:
Change Dir: /mnt/sdb/THG6500-MINI-TAX2-OPENWRT-BSP_TGP3/build_dir/host/cmake-3.22.3/CMakeFiles/CMakeTmp

Run Build Command(s):/mnt/sdb/THG6500-MINI-TAX2-OPENWRT-BSP_TGP3/staging_dir/host/bin/ninja cmTC_acbd4 && [1/2] Building C object CMakeFiles/cmTC_acbd4.dir/CheckSymbolExists.c.o
FAILED: CMakeFiles/cmTC_acbd4.dir/CheckSymbolExists.c.o 
/mnt/sdb/THG6500-MINI-TAX2-OPENWRT-BSP_TGP3/staging_dir/host/bin/gcc   -O2 -I/mnt/sdb/THG6500-MINI-TAX2-OPENWRT-BSP_TGP3/staging_dir/host/include -w  -std=gnu11 -o CMakeFiles/cmTC_acbd4.dir/CheckSymbolExists.c.o -c /mnt/sdb/THG6500-MINI-TAX2-OPENWRT-BSP_TGP3/build_dir/host/cmake-3.22.3/CMakeFiles/CMakeTmp/CheckSymbolExists.c
/mnt/sdb/THG6500-MINI-TAX2-OPENWRT-BSP_TGP3/build_dir/host/cmake-3.22.3/CMakeFiles/CMakeTmp/CheckSymbolExists.c: In function 'main':
/mnt/sdb/THG6500-MINI-TAX2-OPENWRT-BSP_TGP3/build_dir/host/cmake-3.22.3/CMakeFiles/CMakeTmp/CheckSymbolExists.c:57:19: error: '_strtoi64' undeclared (first use in this function)
   57 |   return ((int*)(&_strtoi64))[argc];
      |                   ^~~~~~~~~
/mnt/sdb/THG6500-MINI-TAX2-OPENWRT-BSP_TGP3/build_dir/host/cmake-3.22.3/CMakeFiles/CMakeTmp/CheckSymbolExists.c:57:19: note: each undeclared identifier is reported only once for each function it appears in
ninja: build stopped: subcommand failed.


File /mnt/sdb/THG6500-MINI-TAX2-OPENWRT-BSP_TGP3/build_dir/host/cmake-3.22.3/CMakeFiles/CMakeTmp/CheckSymbolExists.c:
/* */
#include <stdio.h>
#include <inttypes.h>
#include <sys/ioctl.h>
#include <sys/param.h>
#include <sys/poll.h>
#include <sys/resource.h>
#include <sys/select.h>
#include <sys/socket.h>
#include <sys/stat.h>
#include <sys/time.h>
#include <sys/types.h>
#include <sys/uio.h>
#include <sys/un.h>
#include <sys/xattr.h>
#include <alloca.h>
#include <arpa/inet.h>
#include <arpa/tftp.h>
#include <assert.h>
#include <errno.h>
#include <fcntl.h>
#include <idn2.h>
#include <ifaddrs.h>
#include <libgen.h>
#include <locale.h>
#include <net/if.h>
#include <netdb.h>
#include <netinet/in.h>
#include <netinet/tcp.h>
#include <poll.h>
#include <pwd.h>
#include <setjmp.h>
#include <signal.h>
#include <stdbool.h>
#include <stdint.h>
#include <stdio.h>
#include <stdlib.h>
#include <string.h>
#include <strings.h>
#include <termio.h>
#include <termios.h>
#include <time.h>
#include <unistd.h>
#include <utime.h>
#include <stddef.h>
#include <dlfcn.h>
#include <malloc.h>
#include <memory.h>
#include <netinet/if_ether.h>
#include <stdint.h>
#include <sys/utsname.h>

int main(int argc, char** argv)
{
  (void)argv;
#ifndef _strtoi64
  return ((int*)(&_strtoi64))[argc];
#else
  (void)argc;
  return 0;
#endif
}
Determining if the setmode exist failed with the following output:
Change Dir: /mnt/sdb/THG6500-MINI-TAX2-OPENWRT-BSP_TGP3/build_dir/host/cmake-3.22.3/CMakeFiles/CMakeTmp

Run Build Command(s):/mnt/sdb/THG6500-MINI-TAX2-OPENWRT-BSP_TGP3/staging_dir/host/bin/ninja cmTC_7ac9a && [1/2] Building C object CMakeFiles/cmTC_7ac9a.dir/CheckSymbolExists.c.o
FAILED: CMakeFiles/cmTC_7ac9a.dir/CheckSymbolExists.c.o 
/mnt/sdb/THG6500-MINI-TAX2-OPENWRT-BSP_TGP3/staging_dir/host/bin/gcc   -O2 -I/mnt/sdb/THG6500-MINI-TAX2-OPENWRT-BSP_TGP3/staging_dir/host/include -w  -std=gnu11 -o CMakeFiles/cmTC_7ac9a.dir/CheckSymbolExists.c.o -c /mnt/sdb/THG6500-MINI-TAX2-OPENWRT-BSP_TGP3/build_dir/host/cmake-3.22.3/CMakeFiles/CMakeTmp/CheckSymbolExists.c
/mnt/sdb/THG6500-MINI-TAX2-OPENWRT-BSP_TGP3/build_dir/host/cmake-3.22.3/CMakeFiles/CMakeTmp/CheckSymbolExists.c: In function 'main':
/mnt/sdb/THG6500-MINI-TAX2-OPENWRT-BSP_TGP3/build_dir/host/cmake-3.22.3/CMakeFiles/CMakeTmp/CheckSymbolExists.c:57:19: error: 'setmode' undeclared (first use in this function)
   57 |   return ((int*)(&setmode))[argc];
      |                   ^~~~~~~
/mnt/sdb/THG6500-MINI-TAX2-OPENWRT-BSP_TGP3/build_dir/host/cmake-3.22.3/CMakeFiles/CMakeTmp/CheckSymbolExists.c:57:19: note: each undeclared identifier is reported only once for each function it appears in
ninja: build stopped: subcommand failed.


File /mnt/sdb/THG6500-MINI-TAX2-OPENWRT-BSP_TGP3/build_dir/host/cmake-3.22.3/CMakeFiles/CMakeTmp/CheckSymbolExists.c:
/* */
#include <stdio.h>
#include <inttypes.h>
#include <sys/ioctl.h>
#include <sys/param.h>
#include <sys/poll.h>
#include <sys/resource.h>
#include <sys/select.h>
#include <sys/socket.h>
#include <sys/stat.h>
#include <sys/time.h>
#include <sys/types.h>
#include <sys/uio.h>
#include <sys/un.h>
#include <sys/xattr.h>
#include <alloca.h>
#include <arpa/inet.h>
#include <arpa/tftp.h>
#include <assert.h>
#include <errno.h>
#include <fcntl.h>
#include <idn2.h>
#include <ifaddrs.h>
#include <libgen.h>
#include <locale.h>
#include <net/if.h>
#include <netdb.h>
#include <netinet/in.h>
#include <netinet/tcp.h>
#include <poll.h>
#include <pwd.h>
#include <setjmp.h>
#include <signal.h>
#include <stdbool.h>
#include <stdint.h>
#include <stdio.h>
#include <stdlib.h>
#include <string.h>
#include <strings.h>
#include <termio.h>
#include <termios.h>
#include <time.h>
#include <unistd.h>
#include <utime.h>
#include <stddef.h>
#include <dlfcn.h>
#include <malloc.h>
#include <memory.h>
#include <netinet/if_ether.h>
#include <stdint.h>
#include <sys/utsname.h>

int main(int argc, char** argv)
{
  (void)argv;
#ifndef setmode
  return ((int*)(&setmode))[argc];
#else
  (void)argc;
  return 0;
#endif
}
Determining if the function mach_absolute_time exists failed with the following output:
Change Dir: /mnt/sdb/THG6500-MINI-TAX2-OPENWRT-BSP_TGP3/build_dir/host/cmake-3.22.3/CMakeFiles/CMakeTmp

Run Build Command(s):/mnt/sdb/THG6500-MINI-TAX2-OPENWRT-BSP_TGP3/staging_dir/host/bin/ninja cmTC_12431 && [1/2] Building C object CMakeFiles/cmTC_12431.dir/CheckFunctionExists.c.o
[2/2] Linking C executable cmTC_12431
FAILED: cmTC_12431 
: && /mnt/sdb/THG6500-MINI-TAX2-OPENWRT-BSP_TGP3/staging_dir/host/bin/gcc -O2 -I/mnt/sdb/THG6500-MINI-TAX2-OPENWRT-BSP_TGP3/staging_dir/host/include -w -DCHECK_FUNCTION_EXISTS=mach_absolute_time -L/mnt/sdb/THG6500-MINI-TAX2-OPENWRT-BSP_TGP3/staging_dir/host/lib CMakeFiles/cmTC_12431.dir/CheckFunctionExists.c.o -o cmTC_12431   && :
/usr/bin/ld: CMakeFiles/cmTC_12431.dir/CheckFunctionExists.c.o: in function `main':
CheckFunctionExists.c:(.text.startup+0x10): undefined reference to `mach_absolute_time'
collect2: error: ld returned 1 exit status
ninja: build stopped: subcommand failed.



Performing Curl Test HAVE_FSETXATTR_6 failed with the following output:
Change Dir: /mnt/sdb/THG6500-MINI-TAX2-OPENWRT-BSP_TGP3/build_dir/host/cmake-3.22.3/CMakeFiles/CMakeTmp

Run Build Command(s):/mnt/sdb/THG6500-MINI-TAX2-OPENWRT-BSP_TGP3/staging_dir/host/bin/ninja cmTC_9d029 && [1/2] Building C object CMakeFiles/cmTC_9d029.dir/CurlTests.c.o
FAILED: CMakeFiles/cmTC_9d029.dir/CurlTests.c.o 
/mnt/sdb/THG6500-MINI-TAX2-OPENWRT-BSP_TGP3/staging_dir/host/bin/gcc   -O2 -I/mnt/sdb/THG6500-MINI-TAX2-OPENWRT-BSP_TGP3/staging_dir/host/include -w -DHAVE_FSETXATTR_6  -DHAVE_STDIO_H -DHAVE_INTTYPES_H -DHAVE_SYS_IOCTL_H -DHAVE_SYS_PARAM_H -DHAVE_SYS_POLL_H -DHAVE_SYS_RESOURCE_H -DHAVE_SYS_SELECT_H -DHAVE_SYS_SOCKET_H -DHAVE_SYS_STAT_H -DHAVE_SYS_TIME_H -DHAVE_SYS_TYPES_H -DHAVE_SYS_UIO_H -DHAVE_SYS_UN_H -DHAVE_SYS_XATTR_H -DHAVE_ALLOCA_H -DHAVE_ARPA_INET_H -DHAVE_ARPA_TFTP_H -DHAVE_ASSERT_H -DHAVE_ERRNO_H -DHAVE_FCNTL_H -DHAVE_IDN2_H -DHAVE_IFADDRS_H -DHAVE_LIBGEN_H -DHAVE_LOCALE_H -DHAVE_NET_IF_H -DHAVE_NETDB_H -DHAVE_NETINET_IN_H -DHAVE_NETINET_TCP_H -DHAVE_POLL_H -DHAVE_PWD_H -DHAVE_SETJMP_H -DHAVE_SIGNAL_H -DHAVE_STDBOOL_H -DHAVE_STDINT_H -DHAVE_STDIO_H -DHAVE_STDLIB_H -DHAVE_STRING_H -DHAVE_STRINGS_H -DHAVE_TERMIO_H -DHAVE_TERMIOS_H -DHAVE_TIME_H -DHAVE_UNISTD_H -DHAVE_UTIME_H -DHAVE_STDDEF_H -DHAVE_DLFCN_H -DHAVE_MALLOC_H -DHAVE_MEMORY_H -DHAVE_NETINET_IF_ETHER_H -DHAVE_STDINT_H -DHAVE_SYS_UTSNAME_H -std=gnu11 -o CMakeFiles/cmTC_9d029.dir/CurlTests.c.o -c /mnt/sdb/THG6500-MINI-TAX2-OPENWRT-BSP_TGP3/build_dir/host/cmake-3.22.3/Utilities/cmcurl/CMake/CurlTests.c
/mnt/sdb/THG6500-MINI-TAX2-OPENWRT-BSP_TGP3/build_dir/host/cmake-3.22.3/Utilities/cmcurl/CMake/CurlTests.c: In function 'main':
/mnt/sdb/THG6500-MINI-TAX2-OPENWRT-BSP_TGP3/build_dir/host/cmake-3.22.3/Utilities/cmcurl/CMake/CurlTests.c:463:3: error: too many arguments to function 'fsetxattr'
  463 |   fsetxattr(0, 0, 0, 0, 0, 0);
      |   ^~~~~~~~~
In file included from /mnt/sdb/THG6500-MINI-TAX2-OPENWRT-BSP_TGP3/build_dir/host/cmake-3.22.3/Utilities/cmcurl/CMake/CurlTests.c:460:
/usr/include/x86_64-linux-gnu/sys/xattr.h:54:12: note: declared here
   54 | extern int fsetxattr (int __fd, const char *__name, const void *__value,
      |            ^~~~~~~~~
ninja: build stopped: subcommand failed.


Determining size of ADDRESS_FAMILY failed with the following output:
Change Dir: /mnt/sdb/THG6500-MINI-TAX2-OPENWRT-BSP_TGP3/build_dir/host/cmake-3.22.3/CMakeFiles/CMakeTmp

Run Build Command(s):/mnt/sdb/THG6500-MINI-TAX2-OPENWRT-BSP_TGP3/staging_dir/host/bin/ninja cmTC_57b4d && [1/2] Building C object CMakeFiles/cmTC_57b4d.dir/SIZEOF_ADDRESS_FAMILY.c.o
FAILED: CMakeFiles/cmTC_57b4d.dir/SIZEOF_ADDRESS_FAMILY.c.o 
/mnt/sdb/THG6500-MINI-TAX2-OPENWRT-BSP_TGP3/staging_dir/host/bin/gcc   -O2 -I/mnt/sdb/THG6500-MINI-TAX2-OPENWRT-BSP_TGP3/staging_dir/host/include -w  -std=gnu11 -o CMakeFiles/cmTC_57b4d.dir/SIZEOF_ADDRESS_FAMILY.c.o -c /mnt/sdb/THG6500-MINI-TAX2-OPENWRT-BSP_TGP3/build_dir/host/cmake-3.22.3/CMakeFiles/CheckTypeSize/SIZEOF_ADDRESS_FAMILY.c
/mnt/sdb/THG6500-MINI-TAX2-OPENWRT-BSP_TGP3/build_dir/host/cmake-3.22.3/CMakeFiles/CheckTypeSize/SIZEOF_ADDRESS_FAMILY.c:4:10: fatal error: ws2def.h: No such file or directory
    4 | #include "ws2def.h"
      |          ^~~~~~~~~~
compilation terminated.
ninja: build stopped: subcommand failed.


/mnt/sdb/THG6500-MINI-TAX2-OPENWRT-BSP_TGP3/build_dir/host/cmake-3.22.3/CMakeFiles/CheckTypeSize/SIZEOF_ADDRESS_FAMILY.c:
#include <sys/types.h>
#include <stdint.h>
#include <stddef.h>
#include "ws2def.h"


#undef KEY
#if defined(__i386)
# define KEY '_','_','i','3','8','6'
#elif defined(__x86_64)
# define KEY '_','_','x','8','6','_','6','4'
#elif defined(__PPC64__)
# define KEY '_','_','P','P','C','6','4','_','_'
#elif defined(__ppc64__)
# define KEY '_','_','p','p','c','6','4','_','_'
#elif defined(__PPC__)
# define KEY '_','_','P','P','C','_','_'
#elif defined(__ppc__)
# define KEY '_','_','p','p','c','_','_'
#elif defined(__aarch64__)
# define KEY '_','_','a','a','r','c','h','6','4','_','_'
#elif defined(__ARM_ARCH_7A__)
# define KEY '_','_','A','R','M','_','A','R','C','H','_','7','A','_','_'
#elif defined(__ARM_ARCH_7S__)
# define KEY '_','_','A','R','M','_','A','R','C','H','_','7','S','_','_'
#endif

#define SIZE (sizeof(ADDRESS_FAMILY))
static char info_size[] =  {'I', 'N', 'F', 'O', ':', 's','i','z','e','[',
  ('0' + ((SIZE / 10000)%10)),
  ('0' + ((SIZE / 1000)%10)),
  ('0' + ((SIZE / 100)%10)),
  ('0' + ((SIZE / 10)%10)),
  ('0' +  (SIZE    % 10)),
  ']',
#ifdef KEY
  ' ','k','e','y','[', KEY, ']',
#endif
  '\0'};

#ifdef __CLASSIC_C__
int main(argc, argv) int argc; char *argv[];
#else
int main(int argc, char *argv[])
#endif
{
  int require = 0;
  require += info_size[argc];
  (void)argv;
  return require;
}


Performing Curl Test HAVE_IOCTLSOCKET failed with the following output:
Change Dir: /mnt/sdb/THG6500-MINI-TAX2-OPENWRT-BSP_TGP3/build_dir/host/cmake-3.22.3/CMakeFiles/CMakeTmp

Run Build Command(s):/mnt/sdb/THG6500-MINI-TAX2-OPENWRT-BSP_TGP3/staging_dir/host/bin/ninja cmTC_85d0a && [1/2] Building C object CMakeFiles/cmTC_85d0a.dir/CurlTests.c.o
FAILED: CMakeFiles/cmTC_85d0a.dir/CurlTests.c.o 
/mnt/sdb/THG6500-MINI-TAX2-OPENWRT-BSP_TGP3/staging_dir/host/bin/gcc   -O2 -I/mnt/sdb/THG6500-MINI-TAX2-OPENWRT-BSP_TGP3/staging_dir/host/include -w -DHAVE_IOCTLSOCKET  -DHAVE_STDIO_H -DHAVE_INTTYPES_H -DHAVE_SYS_IOCTL_H -DHAVE_SYS_PARAM_H -DHAVE_SYS_POLL_H -DHAVE_SYS_RESOURCE_H -DHAVE_SYS_SELECT_H -DHAVE_SYS_SOCKET_H -DHAVE_SYS_STAT_H -DHAVE_SYS_TIME_H -DHAVE_SYS_TYPES_H -DHAVE_SYS_UIO_H -DHAVE_SYS_UN_H -DHAVE_SYS_XATTR_H -DHAVE_ALLOCA_H -DHAVE_ARPA_INET_H -DHAVE_ARPA_TFTP_H -DHAVE_ASSERT_H -DHAVE_ERRNO_H -DHAVE_FCNTL_H -DHAVE_IDN2_H -DHAVE_IFADDRS_H -DHAVE_LIBGEN_H -DHAVE_LOCALE_H -DHAVE_NET_IF_H -DHAVE_NETDB_H -DHAVE_NETINET_IN_H -DHAVE_NETINET_TCP_H -DHAVE_POLL_H -DHAVE_PWD_H -DHAVE_SETJMP_H -DHAVE_SIGNAL_H -DHAVE_STDBOOL_H -DHAVE_STDINT_H -DHAVE_STDIO_H -DHAVE_STDLIB_H -DHAVE_STRING_H -DHAVE_STRINGS_H -DHAVE_TERMIO_H -DHAVE_TERMIOS_H -DHAVE_TIME_H -DHAVE_UNISTD_H -DHAVE_UTIME_H -DHAVE_STDDEF_H -DHAVE_DLFCN_H -DHAVE_MALLOC_H -DHAVE_MEMORY_H -DHAVE_NETINET_IF_ETHER_H -DHAVE_STDINT_H -DHAVE_SYS_UTSNAME_H -std=gnu11 -o CMakeFiles/cmTC_85d0a.dir/CurlTests.c.o -c /mnt/sdb/THG6500-MINI-TAX2-OPENWRT-BSP_TGP3/build_dir/host/cmake-3.22.3/Utilities/cmcurl/CMake/CurlTests.c
/mnt/sdb/THG6500-MINI-TAX2-OPENWRT-BSP_TGP3/build_dir/host/cmake-3.22.3/Utilities/cmcurl/CMake/CurlTests.c: In function 'main':
/mnt/sdb/THG6500-MINI-TAX2-OPENWRT-BSP_TGP3/build_dir/host/cmake-3.22.3/Utilities/cmcurl/CMake/CurlTests.c:245:44: error: 'FIONBIO' undeclared (first use in this function)
  245 |  unsigned long flags = ioctlsocket(socket, FIONBIO, &flags);
      |                                            ^~~~~~~
/mnt/sdb/THG6500-MINI-TAX2-OPENWRT-BSP_TGP3/build_dir/host/cmake-3.22.3/Utilities/cmcurl/CMake/CurlTests.c:245:44: note: each undeclared identifier is reported only once for each function it appears in
ninja: build stopped: subcommand failed.


Performing Curl Test HAVE_IOCTLSOCKET_CAMEL failed with the following output:
Change Dir: /mnt/sdb/THG6500-MINI-TAX2-OPENWRT-BSP_TGP3/build_dir/host/cmake-3.22.3/CMakeFiles/CMakeTmp

Run Build Command(s):/mnt/sdb/THG6500-MINI-TAX2-OPENWRT-BSP_TGP3/staging_dir/host/bin/ninja cmTC_01913 && [1/2] Building C object CMakeFiles/cmTC_01913.dir/CurlTests.c.o
[2/2] Linking C executable cmTC_01913
FAILED: cmTC_01913 
: && /mnt/sdb/THG6500-MINI-TAX2-OPENWRT-BSP_TGP3/staging_dir/host/bin/gcc -O2 -I/mnt/sdb/THG6500-MINI-TAX2-OPENWRT-BSP_TGP3/staging_dir/host/include -w -DHAVE_IOCTLSOCKET_CAMEL  -DHAVE_STDIO_H -DHAVE_INTTYPES_H -DHAVE_SYS_IOCTL_H -DHAVE_SYS_PARAM_H -DHAVE_SYS_POLL_H -DHAVE_SYS_RESOURCE_H -DHAVE_SYS_SELECT_H -DHAVE_SYS_SOCKET_H -DHAVE_SYS_STAT_H -DHAVE_SYS_TIME_H -DHAVE_SYS_TYPES_H -DHAVE_SYS_UIO_H -DHAVE_SYS_UN_H -DHAVE_SYS_XATTR_H -DHAVE_ALLOCA_H -DHAVE_ARPA_INET_H -DHAVE_ARPA_TFTP_H -DHAVE_ASSERT_H -DHAVE_ERRNO_H -DHAVE_FCNTL_H -DHAVE_IDN2_H -DHAVE_IFADDRS_H -DHAVE_LIBGEN_H -DHAVE_LOCALE_H -DHAVE_NET_IF_H -DHAVE_NETDB_H -DHAVE_NETINET_IN_H -DHAVE_NETINET_TCP_H -DHAVE_POLL_H -DHAVE_PWD_H -DHAVE_SETJMP_H -DHAVE_SIGNAL_H -DHAVE_STDBOOL_H -DHAVE_STDINT_H -DHAVE_STDIO_H -DHAVE_STDLIB_H -DHAVE_STRING_H -DHAVE_STRINGS_H -DHAVE_TERMIO_H -DHAVE_TERMIOS_H -DHAVE_TIME_H -DHAVE_UNISTD_H -DHAVE_UTIME_H -DHAVE_STDDEF_H -DHAVE_DLFCN_H -DHAVE_MALLOC_H -DHAVE_MEMORY_H -DHAVE_NETINET_IF_ETHER_H -DHAVE_STDINT_H -DHAVE_SYS_UTSNAME_H -L/mnt/sdb/THG6500-MINI-TAX2-OPENWRT-BSP_TGP3/staging_dir/host/lib CMakeFiles/cmTC_01913.dir/CurlTests.c.o -o cmTC_01913   && :
/usr/bin/ld: CMakeFiles/cmTC_01913.dir/CurlTests.c.o: in function `main':
CurlTests.c:(.text.startup+0x11): undefined reference to `IoctlSocket'
collect2: error: ld returned 1 exit status
ninja: build stopped: subcommand failed.


Performing Curl Test HAVE_IOCTLSOCKET_CAMEL_FIONBIO failed with the following output:
Change Dir: /mnt/sdb/THG6500-MINI-TAX2-OPENWRT-BSP_TGP3/build_dir/host/cmake-3.22.3/CMakeFiles/CMakeTmp

Run Build Command(s):/mnt/sdb/THG6500-MINI-TAX2-OPENWRT-BSP_TGP3/staging_dir/host/bin/ninja cmTC_e0964 && [1/2] Building C object CMakeFiles/cmTC_e0964.dir/CurlTests.c.o
FAILED: CMakeFiles/cmTC_e0964.dir/CurlTests.c.o 
/mnt/sdb/THG6500-MINI-TAX2-OPENWRT-BSP_TGP3/staging_dir/host/bin/gcc   -O2 -I/mnt/sdb/THG6500-MINI-TAX2-OPENWRT-BSP_TGP3/staging_dir/host/include -w -DHAVE_IOCTLSOCKET_CAMEL_FIONBIO  -DHAVE_STDIO_H -DHAVE_INTTYPES_H -DHAVE_SYS_IOCTL_H -DHAVE_SYS_PARAM_H -DHAVE_SYS_POLL_H -DHAVE_SYS_RESOURCE_H -DHAVE_SYS_SELECT_H -DHAVE_SYS_SOCKET_H -DHAVE_SYS_STAT_H -DHAVE_SYS_TIME_H -DHAVE_SYS_TYPES_H -DHAVE_SYS_UIO_H -DHAVE_SYS_UN_H -DHAVE_SYS_XATTR_H -DHAVE_ALLOCA_H -DHAVE_ARPA_INET_H -DHAVE_ARPA_TFTP_H -DHAVE_ASSERT_H -DHAVE_ERRNO_H -DHAVE_FCNTL_H -DHAVE_IDN2_H -DHAVE_IFADDRS_H -DHAVE_LIBGEN_H -DHAVE_LOCALE_H -DHAVE_NET_IF_H -DHAVE_NETDB_H -DHAVE_NETINET_IN_H -DHAVE_NETINET_TCP_H -DHAVE_POLL_H -DHAVE_PWD_H -DHAVE_SETJMP_H -DHAVE_SIGNAL_H -DHAVE_STDBOOL_H -DHAVE_STDINT_H -DHAVE_STDIO_H -DHAVE_STDLIB_H -DHAVE_STRING_H -DHAVE_STRINGS_H -DHAVE_TERMIO_H -DHAVE_TERMIOS_H -DHAVE_TIME_H -DHAVE_UNISTD_H -DHAVE_UTIME_H -DHAVE_STDDEF_H -DHAVE_DLFCN_H -DHAVE_MALLOC_H -DHAVE_MEMORY_H -DHAVE_NETINET_IF_ETHER_H -DHAVE_STDINT_H -DHAVE_SYS_UTSNAME_H -std=gnu11 -o CMakeFiles/cmTC_e0964.dir/CurlTests.c.o -c /mnt/sdb/THG6500-MINI-TAX2-OPENWRT-BSP_TGP3/build_dir/host/cmake-3.22.3/Utilities/cmcurl/CMake/CurlTests.c
/mnt/sdb/THG6500-MINI-TAX2-OPENWRT-BSP_TGP3/build_dir/host/cmake-3.22.3/Utilities/cmcurl/CMake/CurlTests.c: In function 'main':
/mnt/sdb/THG6500-MINI-TAX2-OPENWRT-BSP_TGP3/build_dir/host/cmake-3.22.3/Utilities/cmcurl/CMake/CurlTests.c:301:32: error: 'FIONBIO' undeclared (first use in this function)
  301 |         if(0 != IoctlSocket(0, FIONBIO, &flags))
      |                                ^~~~~~~
/mnt/sdb/THG6500-MINI-TAX2-OPENWRT-BSP_TGP3/build_dir/host/cmake-3.22.3/Utilities/cmcurl/CMake/CurlTests.c:301:32: note: each undeclared identifier is reported only once for each function it appears in
ninja: build stopped: subcommand failed.


Performing Curl Test HAVE_IOCTLSOCKET_FIONBIO failed with the following output:
Change Dir: /mnt/sdb/THG6500-MINI-TAX2-OPENWRT-BSP_TGP3/build_dir/host/cmake-3.22.3/CMakeFiles/CMakeTmp

Run Build Command(s):/mnt/sdb/THG6500-MINI-TAX2-OPENWRT-BSP_TGP3/staging_dir/host/bin/ninja cmTC_6d757 && [1/2] Building C object CMakeFiles/cmTC_6d757.dir/CurlTests.c.o
FAILED: CMakeFiles/cmTC_6d757.dir/CurlTests.c.o 
/mnt/sdb/THG6500-MINI-TAX2-OPENWRT-BSP_TGP3/staging_dir/host/bin/gcc   -O2 -I/mnt/sdb/THG6500-MINI-TAX2-OPENWRT-BSP_TGP3/staging_dir/host/include -w -DHAVE_IOCTLSOCKET_FIONBIO  -DHAVE_STDIO_H -DHAVE_INTTYPES_H -DHAVE_SYS_IOCTL_H -DHAVE_SYS_PARAM_H -DHAVE_SYS_POLL_H -DHAVE_SYS_RESOURCE_H -DHAVE_SYS_SELECT_H -DHAVE_SYS_SOCKET_H -DHAVE_SYS_STAT_H -DHAVE_SYS_TIME_H -DHAVE_SYS_TYPES_H -DHAVE_SYS_UIO_H -DHAVE_SYS_UN_H -DHAVE_SYS_XATTR_H -DHAVE_ALLOCA_H -DHAVE_ARPA_INET_H -DHAVE_ARPA_TFTP_H -DHAVE_ASSERT_H -DHAVE_ERRNO_H -DHAVE_FCNTL_H -DHAVE_IDN2_H -DHAVE_IFADDRS_H -DHAVE_LIBGEN_H -DHAVE_LOCALE_H -DHAVE_NET_IF_H -DHAVE_NETDB_H -DHAVE_NETINET_IN_H -DHAVE_NETINET_TCP_H -DHAVE_POLL_H -DHAVE_PWD_H -DHAVE_SETJMP_H -DHAVE_SIGNAL_H -DHAVE_STDBOOL_H -DHAVE_STDINT_H -DHAVE_STDIO_H -DHAVE_STDLIB_H -DHAVE_STRING_H -DHAVE_STRINGS_H -DHAVE_TERMIO_H -DHAVE_TERMIOS_H -DHAVE_TIME_H -DHAVE_UNISTD_H -DHAVE_UTIME_H -DHAVE_STDDEF_H -DHAVE_DLFCN_H -DHAVE_MALLOC_H -DHAVE_MEMORY_H -DHAVE_NETINET_IF_ETHER_H -DHAVE_STDINT_H -DHAVE_SYS_UTSNAME_H -std=gnu11 -o CMakeFiles/cmTC_6d757.dir/CurlTests.c.o -c /mnt/sdb/THG6500-MINI-TAX2-OPENWRT-BSP_TGP3/build_dir/host/cmake-3.22.3/Utilities/cmcurl/CMake/CurlTests.c
/mnt/sdb/THG6500-MINI-TAX2-OPENWRT-BSP_TGP3/build_dir/host/cmake-3.22.3/Utilities/cmcurl/CMake/CurlTests.c: In function 'main':
/mnt/sdb/THG6500-MINI-TAX2-OPENWRT-BSP_TGP3/build_dir/host/cmake-3.22.3/Utilities/cmcurl/CMake/CurlTests.c:328:32: error: 'FIONBIO' undeclared (first use in this function)
  328 |         if(0 != ioctlsocket(0, FIONBIO, &flags))
      |                                ^~~~~~~
/mnt/sdb/THG6500-MINI-TAX2-OPENWRT-BSP_TGP3/build_dir/host/cmake-3.22.3/Utilities/cmcurl/CMake/CurlTests.c:328:32: note: each undeclared identifier is reported only once for each function it appears in
ninja: build stopped: subcommand failed.


Performing Curl Test HAVE_SETSOCKOPT_SO_NONBLOCK failed with the following output:
Change Dir: /mnt/sdb/THG6500-MINI-TAX2-OPENWRT-BSP_TGP3/build_dir/host/cmake-3.22.3/CMakeFiles/CMakeTmp

Run Build Command(s):/mnt/sdb/THG6500-MINI-TAX2-OPENWRT-BSP_TGP3/staging_dir/host/bin/ninja cmTC_55652 && [1/2] Building C object CMakeFiles/cmTC_55652.dir/CurlTests.c.o
FAILED: CMakeFiles/cmTC_55652.dir/CurlTests.c.o 
/mnt/sdb/THG6500-MINI-TAX2-OPENWRT-BSP_TGP3/staging_dir/host/bin/gcc   -O2 -I/mnt/sdb/THG6500-MINI-TAX2-OPENWRT-BSP_TGP3/staging_dir/host/include -w -DHAVE_SETSOCKOPT_SO_NONBLOCK  -DHAVE_STDIO_H -DHAVE_INTTYPES_H -DHAVE_SYS_IOCTL_H -DHAVE_SYS_PARAM_H -DHAVE_SYS_POLL_H -DHAVE_SYS_RESOURCE_H -DHAVE_SYS_SELECT_H -DHAVE_SYS_SOCKET_H -DHAVE_SYS_STAT_H -DHAVE_SYS_TIME_H -DHAVE_SYS_TYPES_H -DHAVE_SYS_UIO_H -DHAVE_SYS_UN_H -DHAVE_SYS_XATTR_H -DHAVE_ALLOCA_H -DHAVE_ARPA_INET_H -DHAVE_ARPA_TFTP_H -DHAVE_ASSERT_H -DHAVE_ERRNO_H -DHAVE_FCNTL_H -DHAVE_IDN2_H -DHAVE_IFADDRS_H -DHAVE_LIBGEN_H -DHAVE_LOCALE_H -DHAVE_NET_IF_H -DHAVE_NETDB_H -DHAVE_NETINET_IN_H -DHAVE_NETINET_TCP_H -DHAVE_POLL_H -DHAVE_PWD_H -DHAVE_SETJMP_H -DHAVE_SIGNAL_H -DHAVE_STDBOOL_H -DHAVE_STDINT_H -DHAVE_STDIO_H -DHAVE_STDLIB_H -DHAVE_STRING_H -DHAVE_STRINGS_H -DHAVE_TERMIO_H -DHAVE_TERMIOS_H -DHAVE_TIME_H -DHAVE_UNISTD_H -DHAVE_UTIME_H -DHAVE_STDDEF_H -DHAVE_DLFCN_H -DHAVE_MALLOC_H -DHAVE_MEMORY_H -DHAVE_NETINET_IF_ETHER_H -DHAVE_STDINT_H -DHAVE_SYS_UTSNAME_H -std=gnu11 -o CMakeFiles/cmTC_55652.dir/CurlTests.c.o -c /mnt/sdb/THG6500-MINI-TAX2-OPENWRT-BSP_TGP3/build_dir/host/cmake-3.22.3/Utilities/cmcurl/CMake/CurlTests.c
/mnt/sdb/THG6500-MINI-TAX2-OPENWRT-BSP_TGP3/build_dir/host/cmake-3.22.3/Utilities/cmcurl/CMake/CurlTests.c: In function 'main':
/mnt/sdb/THG6500-MINI-TAX2-OPENWRT-BSP_TGP3/build_dir/host/cmake-3.22.3/Utilities/cmcurl/CMake/CurlTests.c:424:43: error: 'SO_NONBLOCK' undeclared (first use in this function); did you mean 'SOCK_NONBLOCK'?
  424 |         if(0 != setsockopt(0, SOL_SOCKET, SO_NONBLOCK, 0, 0))
      |                                           ^~~~~~~~~~~
      |                                           SOCK_NONBLOCK
/mnt/sdb/THG6500-MINI-TAX2-OPENWRT-BSP_TGP3/build_dir/host/cmake-3.22.3/Utilities/cmcurl/CMake/CurlTests.c:424:43: note: each undeclared identifier is reported only once for each function it appears in
ninja: build stopped: subcommand failed.


Performing Curl Test HAVE_O_NONBLOCK failed with the following output:
Change Dir: /mnt/sdb/THG6500-MINI-TAX2-OPENWRT-BSP_TGP3/build_dir/host/cmake-3.22.3/CMakeFiles/CMakeTmp

Run Build Command(s):/mnt/sdb/THG6500-MINI-TAX2-OPENWRT-BSP_TGP3/staging_dir/host/bin/ninja cmTC_e94d8 && [1/2] Building C object CMakeFiles/cmTC_e94d8.dir/CurlTests.c.o
[2/2] Linking C executable cmTC_e94d8
FAILED: cmTC_e94d8 
: && /mnt/sdb/THG6500-MINI-TAX2-OPENWRT-BSP_TGP3/staging_dir/host/bin/gcc -O2 -I/mnt/sdb/THG6500-MINI-TAX2-OPENWRT-BSP_TGP3/staging_dir/host/include -w -DHAVE_O_NONBLOCK  -DHAVE_STDIO_H -DHAVE_INTTYPES_H -DHAVE_SYS_IOCTL_H -DHAVE_SYS_PARAM_H -DHAVE_SYS_POLL_H -DHAVE_SYS_RESOURCE_H -DHAVE_SYS_SELECT_H -DHAVE_SYS_SOCKET_H -DHAVE_SYS_STAT_H -DHAVE_SYS_TIME_H -DHAVE_SYS_TYPES_H -DHAVE_SYS_UIO_H -DHAVE_SYS_UN_H -DHAVE_SYS_XATTR_H -DHAVE_ALLOCA_H -DHAVE_ARPA_INET_H -DHAVE_ARPA_TFTP_H -DHAVE_ASSERT_H -DHAVE_ERRNO_H -DHAVE_FCNTL_H -DHAVE_IDN2_H -DHAVE_IFADDRS_H -DHAVE_LIBGEN_H -DHAVE_LOCALE_H -DHAVE_NET_IF_H -DHAVE_NETDB_H -DHAVE_NETINET_IN_H -DHAVE_NETINET_TCP_H -DHAVE_POLL_H -DHAVE_PWD_H -DHAVE_SETJMP_H -DHAVE_SIGNAL_H -DHAVE_STDBOOL_H -DHAVE_STDINT_H -DHAVE_STDIO_H -DHAVE_STDLIB_H -DHAVE_STRING_H -DHAVE_STRINGS_H -DHAVE_TERMIO_H -DHAVE_TERMIOS_H -DHAVE_TIME_H -DHAVE_UNISTD_H -DHAVE_UTIME_H -DHAVE_STDDEF_H -DHAVE_DLFCN_H -DHAVE_MALLOC_H -DHAVE_MEMORY_H -DHAVE_NETINET_IF_ETHER_H -DHAVE_STDINT_H -DHAVE_SYS_UTSNAME_H -L/mnt/sdb/THG6500-MINI-TAX2-OPENWRT-BSP_TGP3/staging_dir/host/lib CMakeFiles/cmTC_e94d8.dir/CurlTests.c.o -o cmTC_e94d8   && :
/usr/bin/ld: /usr/lib/gcc/x86_64-linux-gnu/11/../../../x86_64-linux-gnu/Scrt1.o: in function `_start':
(.text+0x1b): undefined reference to `main'
collect2: error: ld returned 1 exit status
ninja: build stopped: subcommand failed.


Performing Curl Test HAVE_GETHOSTBYNAME_R_3 failed with the following output:
Change Dir: /mnt/sdb/THG6500-MINI-TAX2-OPENWRT-BSP_TGP3/build_dir/host/cmake-3.22.3/CMakeFiles/CMakeTmp

Run Build Command(s):/mnt/sdb/THG6500-MINI-TAX2-OPENWRT-BSP_TGP3/staging_dir/host/bin/ninja cmTC_532c4 && [1/2] Building C object CMakeFiles/cmTC_532c4.dir/CurlTests.c.o
FAILED: CMakeFiles/cmTC_532c4.dir/CurlTests.c.o 
/mnt/sdb/THG6500-MINI-TAX2-OPENWRT-BSP_TGP3/staging_dir/host/bin/gcc   -O2 -I/mnt/sdb/THG6500-MINI-TAX2-OPENWRT-BSP_TGP3/staging_dir/host/include -w -DHAVE_GETHOSTBYNAME_R_3  -DHAVE_STDIO_H -DHAVE_INTTYPES_H -DHAVE_SYS_IOCTL_H -DHAVE_SYS_PARAM_H -DHAVE_SYS_POLL_H -DHAVE_SYS_RESOURCE_H -DHAVE_SYS_SELECT_H -DHAVE_SYS_SOCKET_H -DHAVE_SYS_STAT_H -DHAVE_SYS_TIME_H -DHAVE_SYS_TYPES_H -DHAVE_SYS_UIO_H -DHAVE_SYS_UN_H -DHAVE_SYS_XATTR_H -DHAVE_ALLOCA_H -DHAVE_ARPA_INET_H -DHAVE_ARPA_TFTP_H -DHAVE_ASSERT_H -DHAVE_ERRNO_H -DHAVE_FCNTL_H -DHAVE_IDN2_H -DHAVE_IFADDRS_H -DHAVE_LIBGEN_H -DHAVE_LOCALE_H -DHAVE_NET_IF_H -DHAVE_NETDB_H -DHAVE_NETINET_IN_H -DHAVE_NETINET_TCP_H -DHAVE_POLL_H -DHAVE_PWD_H -DHAVE_SETJMP_H -DHAVE_SIGNAL_H -DHAVE_STDBOOL_H -DHAVE_STDINT_H -DHAVE_STDIO_H -DHAVE_STDLIB_H -DHAVE_STRING_H -DHAVE_STRINGS_H -DHAVE_TERMIO_H -DHAVE_TERMIOS_H -DHAVE_TIME_H -DHAVE_UNISTD_H -DHAVE_UTIME_H -DHAVE_STDDEF_H -DHAVE_DLFCN_H -DHAVE_MALLOC_H -DHAVE_MEMORY_H -DHAVE_NETINET_IF_ETHER_H -DHAVE_STDINT_H -DHAVE_SYS_UTSNAME_H -std=gnu11 -o CMakeFiles/cmTC_532c4.dir/CurlTests.c.o -c /mnt/sdb/THG6500-MINI-TAX2-OPENWRT-BSP_TGP3/build_dir/host/cmake-3.22.3/Utilities/cmcurl/CMake/CurlTests.c
/mnt/sdb/THG6500-MINI-TAX2-OPENWRT-BSP_TGP3/build_dir/host/cmake-3.22.3/Utilities/cmcurl/CMake/CurlTests.c: In function 'main':
/mnt/sdb/THG6500-MINI-TAX2-OPENWRT-BSP_TGP3/build_dir/host/cmake-3.22.3/Utilities/cmcurl/CMake/CurlTests.c:97:23: error: storage size of 'hdata' isn't known
   97 |   struct hostent_data hdata;
      |                       ^~~~~
/mnt/sdb/THG6500-MINI-TAX2-OPENWRT-BSP_TGP3/build_dir/host/cmake-3.22.3/Utilities/cmcurl/CMake/CurlTests.c:109:8: error: too few arguments to function 'gethostbyname_r'
  109 |   rc = gethostbyname_r(address, &h, &hdata);
      |        ^~~~~~~~~~~~~~~
In file included from /mnt/sdb/THG6500-MINI-TAX2-OPENWRT-BSP_TGP3/build_dir/host/cmake-3.22.3/Utilities/cmcurl/CMake/CurlTests.c:87:
/usr/include/netdb.h:177:12: note: declared here
  177 | extern int gethostbyname_r (const char *__restrict __name,
      |            ^~~~~~~~~~~~~~~
ninja: build stopped: subcommand failed.


Performing Curl Test HAVE_GETHOSTBYNAME_R_5 failed with the following output:
Change Dir: /mnt/sdb/THG6500-MINI-TAX2-OPENWRT-BSP_TGP3/build_dir/host/cmake-3.22.3/CMakeFiles/CMakeTmp

Run Build Command(s):/mnt/sdb/THG6500-MINI-TAX2-OPENWRT-BSP_TGP3/staging_dir/host/bin/ninja cmTC_32ada && [1/2] Building C object CMakeFiles/cmTC_32ada.dir/CurlTests.c.o
FAILED: CMakeFiles/cmTC_32ada.dir/CurlTests.c.o 
/mnt/sdb/THG6500-MINI-TAX2-OPENWRT-BSP_TGP3/staging_dir/host/bin/gcc   -O2 -I/mnt/sdb/THG6500-MINI-TAX2-OPENWRT-BSP_TGP3/staging_dir/host/include -w -DHAVE_GETHOSTBYNAME_R_5  -DHAVE_STDIO_H -DHAVE_INTTYPES_H -DHAVE_SYS_IOCTL_H -DHAVE_SYS_PARAM_H -DHAVE_SYS_POLL_H -DHAVE_SYS_RESOURCE_H -DHAVE_SYS_SELECT_H -DHAVE_SYS_SOCKET_H -DHAVE_SYS_STAT_H -DHAVE_SYS_TIME_H -DHAVE_SYS_TYPES_H -DHAVE_SYS_UIO_H -DHAVE_SYS_UN_H -DHAVE_SYS_XATTR_H -DHAVE_ALLOCA_H -DHAVE_ARPA_INET_H -DHAVE_ARPA_TFTP_H -DHAVE_ASSERT_H -DHAVE_ERRNO_H -DHAVE_FCNTL_H -DHAVE_IDN2_H -DHAVE_IFADDRS_H -DHAVE_LIBGEN_H -DHAVE_LOCALE_H -DHAVE_NET_IF_H -DHAVE_NETDB_H -DHAVE_NETINET_IN_H -DHAVE_NETINET_TCP_H -DHAVE_POLL_H -DHAVE_PWD_H -DHAVE_SETJMP_H -DHAVE_SIGNAL_H -DHAVE_STDBOOL_H -DHAVE_STDINT_H -DHAVE_STDIO_H -DHAVE_STDLIB_H -DHAVE_STRING_H -DHAVE_STRINGS_H -DHAVE_TERMIO_H -DHAVE_TERMIOS_H -DHAVE_TIME_H -DHAVE_UNISTD_H -DHAVE_UTIME_H -DHAVE_STDDEF_H -DHAVE_DLFCN_H -DHAVE_MALLOC_H -DHAVE_MEMORY_H -DHAVE_NETINET_IF_ETHER_H -DHAVE_STDINT_H -DHAVE_SYS_UTSNAME_H -std=gnu11 -o CMakeFiles/cmTC_32ada.dir/CurlTests.c.o -c /mnt/sdb/THG6500-MINI-TAX2-OPENWRT-BSP_TGP3/build_dir/host/cmake-3.22.3/Utilities/cmcurl/CMake/CurlTests.c
/mnt/sdb/THG6500-MINI-TAX2-OPENWRT-BSP_TGP3/build_dir/host/cmake-3.22.3/Utilities/cmcurl/CMake/CurlTests.c: In function 'main':
/mnt/sdb/THG6500-MINI-TAX2-OPENWRT-BSP_TGP3/build_dir/host/cmake-3.22.3/Utilities/cmcurl/CMake/CurlTests.c:112:8: error: too few arguments to function 'gethostbyname_r'
  112 |   rc = gethostbyname_r(address, &h, buffer, 8192, &h_errnop);
      |        ^~~~~~~~~~~~~~~
In file included from /mnt/sdb/THG6500-MINI-TAX2-OPENWRT-BSP_TGP3/build_dir/host/cmake-3.22.3/Utilities/cmcurl/CMake/CurlTests.c:87:
/usr/include/netdb.h:177:12: note: declared here
  177 | extern int gethostbyname_r (const char *__restrict __name,
      |            ^~~~~~~~~~~~~~~
ninja: build stopped: subcommand failed.


Performing Curl Test HAVE_GETHOSTBYNAME_R_3_REENTRANT failed with the following output:
Change Dir: /mnt/sdb/THG6500-MINI-TAX2-OPENWRT-BSP_TGP3/build_dir/host/cmake-3.22.3/CMakeFiles/CMakeTmp

Run Build Command(s):/mnt/sdb/THG6500-MINI-TAX2-OPENWRT-BSP_TGP3/staging_dir/host/bin/ninja cmTC_65502 && [1/2] Building C object CMakeFiles/cmTC_65502.dir/CurlTests.c.o
FAILED: CMakeFiles/cmTC_65502.dir/CurlTests.c.o 
/mnt/sdb/THG6500-MINI-TAX2-OPENWRT-BSP_TGP3/staging_dir/host/bin/gcc   -O2 -I/mnt/sdb/THG6500-MINI-TAX2-OPENWRT-BSP_TGP3/staging_dir/host/include -w -DHAVE_GETHOSTBYNAME_R_3_REENTRANT  -DHAVE_STDIO_H -DHAVE_INTTYPES_H -DHAVE_SYS_IOCTL_H -DHAVE_SYS_PARAM_H -DHAVE_SYS_POLL_H -DHAVE_SYS_RESOURCE_H -DHAVE_SYS_SELECT_H -DHAVE_SYS_SOCKET_H -DHAVE_SYS_STAT_H -DHAVE_SYS_TIME_H -DHAVE_SYS_TYPES_H -DHAVE_SYS_UIO_H -DHAVE_SYS_UN_H -DHAVE_SYS_XATTR_H -DHAVE_ALLOCA_H -DHAVE_ARPA_INET_H -DHAVE_ARPA_TFTP_H -DHAVE_ASSERT_H -DHAVE_ERRNO_H -DHAVE_FCNTL_H -DHAVE_IDN2_H -DHAVE_IFADDRS_H -DHAVE_LIBGEN_H -DHAVE_LOCALE_H -DHAVE_NET_IF_H -DHAVE_NETDB_H -DHAVE_NETINET_IN_H -DHAVE_NETINET_TCP_H -DHAVE_POLL_H -DHAVE_PWD_H -DHAVE_SETJMP_H -DHAVE_SIGNAL_H -DHAVE_STDBOOL_H -DHAVE_STDINT_H -DHAVE_STDIO_H -DHAVE_STDLIB_H -DHAVE_STRING_H -DHAVE_STRINGS_H -DHAVE_TERMIO_H -DHAVE_TERMIOS_H -DHAVE_TIME_H -DHAVE_UNISTD_H -DHAVE_UTIME_H -DHAVE_STDDEF_H -DHAVE_DLFCN_H -DHAVE_MALLOC_H -DHAVE_MEMORY_H -DHAVE_NETINET_IF_ETHER_H -DHAVE_STDINT_H -DHAVE_SYS_UTSNAME_H -std=gnu11 -o CMakeFiles/cmTC_65502.dir/CurlTests.c.o -c /mnt/sdb/THG6500-MINI-TAX2-OPENWRT-BSP_TGP3/build_dir/host/cmake-3.22.3/Utilities/cmcurl/CMake/CurlTests.c
/mnt/sdb/THG6500-MINI-TAX2-OPENWRT-BSP_TGP3/build_dir/host/cmake-3.22.3/Utilities/cmcurl/CMake/CurlTests.c: In function 'main':
/mnt/sdb/THG6500-MINI-TAX2-OPENWRT-BSP_TGP3/build_dir/host/cmake-3.22.3/Utilities/cmcurl/CMake/CurlTests.c:97:23: error: storage size of 'hdata' isn't known
   97 |   struct hostent_data hdata;
      |                       ^~~~~
/mnt/sdb/THG6500-MINI-TAX2-OPENWRT-BSP_TGP3/build_dir/host/cmake-3.22.3/Utilities/cmcurl/CMake/CurlTests.c:109:8: error: too few arguments to function 'gethostbyname_r'
  109 |   rc = gethostbyname_r(address, &h, &hdata);
      |        ^~~~~~~~~~~~~~~
In file included from /mnt/sdb/THG6500-MINI-TAX2-OPENWRT-BSP_TGP3/build_dir/host/cmake-3.22.3/Utilities/cmcurl/CMake/CurlTests.c:87:
/usr/include/netdb.h:177:12: note: declared here
  177 | extern int gethostbyname_r (const char *__restrict __name,
      |            ^~~~~~~~~~~~~~~
ninja: build stopped: subcommand failed.


Performing Curl Test HAVE_GETHOSTBYNAME_R_5_REENTRANT failed with the following output:
Change Dir: /mnt/sdb/THG6500-MINI-TAX2-OPENWRT-BSP_TGP3/build_dir/host/cmake-3.22.3/CMakeFiles/CMakeTmp

Run Build Command(s):/mnt/sdb/THG6500-MINI-TAX2-OPENWRT-BSP_TGP3/staging_dir/host/bin/ninja cmTC_dd51b && [1/2] Building C object CMakeFiles/cmTC_dd51b.dir/CurlTests.c.o
FAILED: CMakeFiles/cmTC_dd51b.dir/CurlTests.c.o 
/mnt/sdb/THG6500-MINI-TAX2-OPENWRT-BSP_TGP3/staging_dir/host/bin/gcc   -O2 -I/mnt/sdb/THG6500-MINI-TAX2-OPENWRT-BSP_TGP3/staging_dir/host/include -w -DHAVE_GETHOSTBYNAME_R_5_REENTRANT  -DHAVE_STDIO_H -DHAVE_INTTYPES_H -DHAVE_SYS_IOCTL_H -DHAVE_SYS_PARAM_H -DHAVE_SYS_POLL_H -DHAVE_SYS_RESOURCE_H -DHAVE_SYS_SELECT_H -DHAVE_SYS_SOCKET_H -DHAVE_SYS_STAT_H -DHAVE_SYS_TIME_H -DHAVE_SYS_TYPES_H -DHAVE_SYS_UIO_H -DHAVE_SYS_UN_H -DHAVE_SYS_XATTR_H -DHAVE_ALLOCA_H -DHAVE_ARPA_INET_H -DHAVE_ARPA_TFTP_H -DHAVE_ASSERT_H -DHAVE_ERRNO_H -DHAVE_FCNTL_H -DHAVE_IDN2_H -DHAVE_IFADDRS_H -DHAVE_LIBGEN_H -DHAVE_LOCALE_H -DHAVE_NET_IF_H -DHAVE_NETDB_H -DHAVE_NETINET_IN_H -DHAVE_NETINET_TCP_H -DHAVE_POLL_H -DHAVE_PWD_H -DHAVE_SETJMP_H -DHAVE_SIGNAL_H -DHAVE_STDBOOL_H -DHAVE_STDINT_H -DHAVE_STDIO_H -DHAVE_STDLIB_H -DHAVE_STRING_H -DHAVE_STRINGS_H -DHAVE_TERMIO_H -DHAVE_TERMIOS_H -DHAVE_TIME_H -DHAVE_UNISTD_H -DHAVE_UTIME_H -DHAVE_STDDEF_H -DHAVE_DLFCN_H -DHAVE_MALLOC_H -DHAVE_MEMORY_H -DHAVE_NETINET_IF_ETHER_H -DHAVE_STDINT_H -DHAVE_SYS_UTSNAME_H -std=gnu11 -o CMakeFiles/cmTC_dd51b.dir/CurlTests.c.o -c /mnt/sdb/THG6500-MINI-TAX2-OPENWRT-BSP_TGP3/build_dir/host/cmake-3.22.3/Utilities/cmcurl/CMake/CurlTests.c
/mnt/sdb/THG6500-MINI-TAX2-OPENWRT-BSP_TGP3/build_dir/host/cmake-3.22.3/Utilities/cmcurl/CMake/CurlTests.c: In function 'main':
/mnt/sdb/THG6500-MINI-TAX2-OPENWRT-BSP_TGP3/build_dir/host/cmake-3.22.3/Utilities/cmcurl/CMake/CurlTests.c:112:8: error: too few arguments to function 'gethostbyname_r'
  112 |   rc = gethostbyname_r(address, &h, buffer, 8192, &h_errnop);
      |        ^~~~~~~~~~~~~~~
In file included from /mnt/sdb/THG6500-MINI-TAX2-OPENWRT-BSP_TGP3/build_dir/host/cmake-3.22.3/Utilities/cmcurl/CMake/CurlTests.c:87:
/usr/include/netdb.h:177:12: note: declared here
  177 | extern int gethostbyname_r (const char *__restrict __name,
      |            ^~~~~~~~~~~~~~~
ninja: build stopped: subcommand failed.


Performing Curl Test HAVE_GLIBC_STRERROR_R failed with the following output:
Change Dir: /mnt/sdb/THG6500-MINI-TAX2-OPENWRT-BSP_TGP3/build_dir/host/cmake-3.22.3/CMakeFiles/CMakeTmp

Run Build Command(s):/mnt/sdb/THG6500-MINI-TAX2-OPENWRT-BSP_TGP3/staging_dir/host/bin/ninja cmTC_79149 && [1/2] Building C object CMakeFiles/cmTC_79149.dir/CurlTests.c.o
FAILED: CMakeFiles/cmTC_79149.dir/CurlTests.c.o 
/mnt/sdb/THG6500-MINI-TAX2-OPENWRT-BSP_TGP3/staging_dir/host/bin/gcc   -O2 -I/mnt/sdb/THG6500-MINI-TAX2-OPENWRT-BSP_TGP3/staging_dir/host/include -w -DHAVE_GLIBC_STRERROR_R  -DHAVE_STDIO_H -DHAVE_INTTYPES_H -DHAVE_SYS_IOCTL_H -DHAVE_SYS_PARAM_H -DHAVE_SYS_POLL_H -DHAVE_SYS_RESOURCE_H -DHAVE_SYS_SELECT_H -DHAVE_SYS_SOCKET_H -DHAVE_SYS_STAT_H -DHAVE_SYS_TIME_H -DHAVE_SYS_TYPES_H -DHAVE_SYS_UIO_H -DHAVE_SYS_UN_H -DHAVE_SYS_XATTR_H -DHAVE_ALLOCA_H -DHAVE_ARPA_INET_H -DHAVE_ARPA_TFTP_H -DHAVE_ASSERT_H -DHAVE_ERRNO_H -DHAVE_FCNTL_H -DHAVE_IDN2_H -DHAVE_IFADDRS_H -DHAVE_LIBGEN_H -DHAVE_LOCALE_H -DHAVE_NET_IF_H -DHAVE_NETDB_H -DHAVE_NETINET_IN_H -DHAVE_NETINET_TCP_H -DHAVE_POLL_H -DHAVE_PWD_H -DHAVE_SETJMP_H -DHAVE_SIGNAL_H -DHAVE_STDBOOL_H -DHAVE_STDINT_H -DHAVE_STDIO_H -DHAVE_STDLIB_H -DHAVE_STRING_H -DHAVE_STRINGS_H -DHAVE_TERMIO_H -DHAVE_TERMIOS_H -DHAVE_TIME_H -DHAVE_UNISTD_H -DHAVE_UTIME_H -DHAVE_STDDEF_H -DHAVE_DLFCN_H -DHAVE_MALLOC_H -DHAVE_MEMORY_H -DHAVE_NETINET_IF_ETHER_H -DHAVE_STDINT_H -DHAVE_SYS_UTSNAME_H -std=gnu11 -o CMakeFiles/cmTC_79149.dir/CurlTests.c.o -c /mnt/sdb/THG6500-MINI-TAX2-OPENWRT-BSP_TGP3/build_dir/host/cmake-3.22.3/Utilities/cmcurl/CMake/CurlTests.c
/mnt/sdb/THG6500-MINI-TAX2-OPENWRT-BSP_TGP3/build_dir/host/cmake-3.22.3/Utilities/cmcurl/CMake/CurlTests.c: In function 'main':
/mnt/sdb/THG6500-MINI-TAX2-OPENWRT-BSP_TGP3/build_dir/host/cmake-3.22.3/Utilities/cmcurl/CMake/CurlTests.c:440:51: error: subscripted value is neither array nor pointer nor vector
  440 |   check(strerror_r(EACCES, buffer, sizeof(buffer))[0]);
      |                                                   ^
ninja: build stopped: subcommand failed.


Performing Curl Test HAVE_BUILTIN_AVAILABLE failed with the following output:
Change Dir: /mnt/sdb/THG6500-MINI-TAX2-OPENWRT-BSP_TGP3/build_dir/host/cmake-3.22.3/CMakeFiles/CMakeTmp

Run Build Command(s):/mnt/sdb/THG6500-MINI-TAX2-OPENWRT-BSP_TGP3/staging_dir/host/bin/ninja cmTC_d17c4 && [1/2] Building C object CMakeFiles/cmTC_d17c4.dir/CurlTests.c.o
FAILED: CMakeFiles/cmTC_d17c4.dir/CurlTests.c.o 
/mnt/sdb/THG6500-MINI-TAX2-OPENWRT-BSP_TGP3/staging_dir/host/bin/gcc   -O2 -I/mnt/sdb/THG6500-MINI-TAX2-OPENWRT-BSP_TGP3/staging_dir/host/include -w -DHAVE_BUILTIN_AVAILABLE  -DHAVE_STDIO_H -DHAVE_INTTYPES_H -DHAVE_SYS_IOCTL_H -DHAVE_SYS_PARAM_H -DHAVE_SYS_POLL_H -DHAVE_SYS_RESOURCE_H -DHAVE_SYS_SELECT_H -DHAVE_SYS_SOCKET_H -DHAVE_SYS_STAT_H -DHAVE_SYS_TIME_H -DHAVE_SYS_TYPES_H -DHAVE_SYS_UIO_H -DHAVE_SYS_UN_H -DHAVE_SYS_XATTR_H -DHAVE_ALLOCA_H -DHAVE_ARPA_INET_H -DHAVE_ARPA_TFTP_H -DHAVE_ASSERT_H -DHAVE_ERRNO_H -DHAVE_FCNTL_H -DHAVE_IDN2_H -DHAVE_IFADDRS_H -DHAVE_LIBGEN_H -DHAVE_LOCALE_H -DHAVE_NET_IF_H -DHAVE_NETDB_H -DHAVE_NETINET_IN_H -DHAVE_NETINET_TCP_H -DHAVE_POLL_H -DHAVE_PWD_H -DHAVE_SETJMP_H -DHAVE_SIGNAL_H -DHAVE_STDBOOL_H -DHAVE_STDINT_H -DHAVE_STDIO_H -DHAVE_STDLIB_H -DHAVE_STRING_H -DHAVE_STRINGS_H -DHAVE_TERMIO_H -DHAVE_TERMIOS_H -DHAVE_TIME_H -DHAVE_UNISTD_H -DHAVE_UTIME_H -DHAVE_STDDEF_H -DHAVE_DLFCN_H -DHAVE_MALLOC_H -DHAVE_MEMORY_H -DHAVE_NETINET_IF_ETHER_H -DHAVE_STDINT_H -DHAVE_SYS_UTSNAME_H -std=gnu11 -o CMakeFiles/cmTC_d17c4.dir/CurlTests.c.o -c /mnt/sdb/THG6500-MINI-TAX2-OPENWRT-BSP_TGP3/build_dir/host/cmake-3.22.3/Utilities/cmcurl/CMake/CurlTests.c
/mnt/sdb/THG6500-MINI-TAX2-OPENWRT-BSP_TGP3/build_dir/host/cmake-3.22.3/Utilities/cmcurl/CMake/CurlTests.c: In function 'main':
/mnt/sdb/THG6500-MINI-TAX2-OPENWRT-BSP_TGP3/build_dir/host/cmake-3.22.3/Utilities/cmcurl/CMake/CurlTests.c:487:26: error: 'macOS' undeclared (first use in this function)
  487 |   if(__builtin_available(macOS 10.12, *)) {}
      |                          ^~~~~
/mnt/sdb/THG6500-MINI-TAX2-OPENWRT-BSP_TGP3/build_dir/host/cmake-3.22.3/Utilities/cmcurl/CMake/CurlTests.c:487:26: note: each undeclared identifier is reported only once for each function it appears in
/mnt/sdb/THG6500-MINI-TAX2-OPENWRT-BSP_TGP3/build_dir/host/cmake-3.22.3/Utilities/cmcurl/CMake/CurlTests.c:487:31: error: expected ')' before numeric constant
  487 |   if(__builtin_available(macOS 10.12, *)) {}
      |                         ~     ^~~~~~
      |                               )
ninja: build stopped: subcommand failed.


Determining if the arc4random_buf exist failed with the following output:
Change Dir: /mnt/sdb/THG6500-MINI-TAX2-OPENWRT-BSP_TGP3/build_dir/host/cmake-3.22.3/CMakeFiles/CMakeTmp

Run Build Command(s):/mnt/sdb/THG6500-MINI-TAX2-OPENWRT-BSP_TGP3/staging_dir/host/bin/ninja cmTC_b4780 && [1/2] Building C object CMakeFiles/cmTC_b4780.dir/CheckSymbolExists.c.o
FAILED: CMakeFiles/cmTC_b4780.dir/CheckSymbolExists.c.o 
/mnt/sdb/THG6500-MINI-TAX2-OPENWRT-BSP_TGP3/staging_dir/host/bin/gcc   -O2 -I/mnt/sdb/THG6500-MINI-TAX2-OPENWRT-BSP_TGP3/staging_dir/host/include -w  -std=gnu11 -o CMakeFiles/cmTC_b4780.dir/CheckSymbolExists.c.o -c /mnt/sdb/THG6500-MINI-TAX2-OPENWRT-BSP_TGP3/build_dir/host/cmake-3.22.3/CMakeFiles/CMakeTmp/CheckSymbolExists.c
/mnt/sdb/THG6500-MINI-TAX2-OPENWRT-BSP_TGP3/build_dir/host/cmake-3.22.3/CMakeFiles/CMakeTmp/CheckSymbolExists.c: In function 'main':
/mnt/sdb/THG6500-MINI-TAX2-OPENWRT-BSP_TGP3/build_dir/host/cmake-3.22.3/CMakeFiles/CMakeTmp/CheckSymbolExists.c:8:19: error: 'arc4random_buf' undeclared (first use in this function)
    8 |   return ((int*)(&arc4random_buf))[argc];
      |                   ^~~~~~~~~~~~~~
/mnt/sdb/THG6500-MINI-TAX2-OPENWRT-BSP_TGP3/build_dir/host/cmake-3.22.3/CMakeFiles/CMakeTmp/CheckSymbolExists.c:8:19: note: each undeclared identifier is reported only once for each function it appears in
ninja: build stopped: subcommand failed.


File /mnt/sdb/THG6500-MINI-TAX2-OPENWRT-BSP_TGP3/build_dir/host/cmake-3.22.3/CMakeFiles/CMakeTmp/CheckSymbolExists.c:
/* */
#include <stdlib.h>

int main(int argc, char** argv)
{
  (void)argv;
#ifndef arc4random_buf
  return ((int*)(&arc4random_buf))[argc];
#else
  (void)argc;
  return 0;
#endif
}
Determining if the arc4random exist failed with the following output:
Change Dir: /mnt/sdb/THG6500-MINI-TAX2-OPENWRT-BSP_TGP3/build_dir/host/cmake-3.22.3/CMakeFiles/CMakeTmp

Run Build Command(s):/mnt/sdb/THG6500-MINI-TAX2-OPENWRT-BSP_TGP3/staging_dir/host/bin/ninja cmTC_01863 && [1/2] Building C object CMakeFiles/cmTC_01863.dir/CheckSymbolExists.c.o
FAILED: CMakeFiles/cmTC_01863.dir/CheckSymbolExists.c.o 
/mnt/sdb/THG6500-MINI-TAX2-OPENWRT-BSP_TGP3/staging_dir/host/bin/gcc   -O2 -I/mnt/sdb/THG6500-MINI-TAX2-OPENWRT-BSP_TGP3/staging_dir/host/include -w  -std=gnu11 -o CMakeFiles/cmTC_01863.dir/CheckSymbolExists.c.o -c /mnt/sdb/THG6500-MINI-TAX2-OPENWRT-BSP_TGP3/build_dir/host/cmake-3.22.3/CMakeFiles/CMakeTmp/CheckSymbolExists.c
/mnt/sdb/THG6500-MINI-TAX2-OPENWRT-BSP_TGP3/build_dir/host/cmake-3.22.3/CMakeFiles/CMakeTmp/CheckSymbolExists.c: In function 'main':
/mnt/sdb/THG6500-MINI-TAX2-OPENWRT-BSP_TGP3/build_dir/host/cmake-3.22.3/CMakeFiles/CMakeTmp/CheckSymbolExists.c:8:19: error: 'arc4random' undeclared (first use in this function); did you mean 'srandom'?
    8 |   return ((int*)(&arc4random))[argc];
      |                   ^~~~~~~~~~
      |                   srandom
/mnt/sdb/THG6500-MINI-TAX2-OPENWRT-BSP_TGP3/build_dir/host/cmake-3.22.3/CMakeFiles/CMakeTmp/CheckSymbolExists.c:8:19: note: each undeclared identifier is reported only once for each function it appears in
ninja: build stopped: subcommand failed.


File /mnt/sdb/THG6500-MINI-TAX2-OPENWRT-BSP_TGP3/build_dir/host/cmake-3.22.3/CMakeFiles/CMakeTmp/CheckSymbolExists.c:
/* */
#include <stdlib.h>

int main(int argc, char** argv)
{
  (void)argv;
#ifndef arc4random
  return ((int*)(&arc4random))[argc];
#else
  (void)argc;
  return 0;
#endif
}
Determining if the include file sys/sysctl.h exists failed with the following output:
Change Dir: /mnt/sdb/THG6500-MINI-TAX2-OPENWRT-BSP_TGP3/build_dir/host/cmake-3.22.3/CMakeFiles/CMakeTmp

Run Build Command(s):/mnt/sdb/THG6500-MINI-TAX2-OPENWRT-BSP_TGP3/staging_dir/host/bin/ninja cmTC_b2a59 && [1/2] Building C object CMakeFiles/cmTC_b2a59.dir/CheckIncludeFile.c.o
FAILED: CMakeFiles/cmTC_b2a59.dir/CheckIncludeFile.c.o 
/mnt/sdb/THG6500-MINI-TAX2-OPENWRT-BSP_TGP3/staging_dir/host/bin/gcc   -O2 -I/mnt/sdb/THG6500-MINI-TAX2-OPENWRT-BSP_TGP3/staging_dir/host/include  -std=gnu11 -o CMakeFiles/cmTC_b2a59.dir/CheckIncludeFile.c.o -c /mnt/sdb/THG6500-MINI-TAX2-OPENWRT-BSP_TGP3/build_dir/host/cmake-3.22.3/CMakeFiles/CMakeTmp/CheckIncludeFile.c
/mnt/sdb/THG6500-MINI-TAX2-OPENWRT-BSP_TGP3/build_dir/host/cmake-3.22.3/CMakeFiles/CMakeTmp/CheckIncludeFile.c:1:10: fatal error: sys/sysctl.h: No such file or directory
    1 | #include <sys/sysctl.h>
      |          ^~~~~~~~~~~~~~
compilation terminated.
ninja: build stopped: subcommand failed.



Determining if files sys/types.h;ctype.h;copyfile.h exist failed with the following output:
Change Dir: /mnt/sdb/THG6500-MINI-TAX2-OPENWRT-BSP_TGP3/build_dir/host/cmake-3.22.3/CMakeFiles/CMakeTmp

Run Build Command(s):/mnt/sdb/THG6500-MINI-TAX2-OPENWRT-BSP_TGP3/staging_dir/host/bin/ninja cmTC_17884 && [1/2] Building C object CMakeFiles/cmTC_17884.dir/HAVE_COPYFILE_H.c.o
FAILED: CMakeFiles/cmTC_17884.dir/HAVE_COPYFILE_H.c.o 
/mnt/sdb/THG6500-MINI-TAX2-OPENWRT-BSP_TGP3/staging_dir/host/bin/gcc   -O2 -I/mnt/sdb/THG6500-MINI-TAX2-OPENWRT-BSP_TGP3/staging_dir/host/include -w  -std=gnu11 -o CMakeFiles/cmTC_17884.dir/HAVE_COPYFILE_H.c.o -c /mnt/sdb/THG6500-MINI-TAX2-OPENWRT-BSP_TGP3/build_dir/host/cmake-3.22.3/CMakeFiles/CheckIncludeFiles/HAVE_COPYFILE_H.c
/mnt/sdb/THG6500-MINI-TAX2-OPENWRT-BSP_TGP3/build_dir/host/cmake-3.22.3/CMakeFiles/CheckIncludeFiles/HAVE_COPYFILE_H.c:4:10: fatal error: copyfile.h: No such file or directory
    4 | #include <copyfile.h>
      |          ^~~~~~~~~~~~
compilation terminated.
ninja: build stopped: subcommand failed.


Source:
/* */
#include <sys/types.h>
#include <ctype.h>
#include <copyfile.h>


int main(void){return 0;}

Determining if files sys/types.h;ctype.h;direct.h exist failed with the following output:
Change Dir: /mnt/sdb/THG6500-MINI-TAX2-OPENWRT-BSP_TGP3/build_dir/host/cmake-3.22.3/CMakeFiles/CMakeTmp

Run Build Command(s):/mnt/sdb/THG6500-MINI-TAX2-OPENWRT-BSP_TGP3/staging_dir/host/bin/ninja cmTC_8d468 && [1/2] Building C object CMakeFiles/cmTC_8d468.dir/HAVE_DIRECT_H.c.o
FAILED: CMakeFiles/cmTC_8d468.dir/HAVE_DIRECT_H.c.o 
/mnt/sdb/THG6500-MINI-TAX2-OPENWRT-BSP_TGP3/staging_dir/host/bin/gcc   -O2 -I/mnt/sdb/THG6500-MINI-TAX2-OPENWRT-BSP_TGP3/staging_dir/host/include -w  -std=gnu11 -o CMakeFiles/cmTC_8d468.dir/HAVE_DIRECT_H.c.o -c /mnt/sdb/THG6500-MINI-TAX2-OPENWRT-BSP_TGP3/build_dir/host/cmake-3.22.3/CMakeFiles/CheckIncludeFiles/HAVE_DIRECT_H.c
/mnt/sdb/THG6500-MINI-TAX2-OPENWRT-BSP_TGP3/build_dir/host/cmake-3.22.3/CMakeFiles/CheckIncludeFiles/HAVE_DIRECT_H.c:4:10: fatal error: direct.h: No such file or directory
    4 | #include <direct.h>
      |          ^~~~~~~~~~
compilation terminated.
ninja: build stopped: subcommand failed.


Source:
/* */
#include <sys/types.h>
#include <ctype.h>
#include <direct.h>


int main(void){return 0;}

Determining if files sys/types.h;ctype.h;dlfcn.h;errno.h;ext2fs/ext2_fs.h exist failed with the following output:
Change Dir: /mnt/sdb/THG6500-MINI-TAX2-OPENWRT-BSP_TGP3/build_dir/host/cmake-3.22.3/CMakeFiles/CMakeTmp

Run Build Command(s):/mnt/sdb/THG6500-MINI-TAX2-OPENWRT-BSP_TGP3/staging_dir/host/bin/ninja cmTC_36ab1 && [1/2] Building C object CMakeFiles/cmTC_36ab1.dir/HAVE_EXT2FS_EXT2_FS_H.c.o
FAILED: CMakeFiles/cmTC_36ab1.dir/HAVE_EXT2FS_EXT2_FS_H.c.o 
/mnt/sdb/THG6500-MINI-TAX2-OPENWRT-BSP_TGP3/staging_dir/host/bin/gcc   -O2 -I/mnt/sdb/THG6500-MINI-TAX2-OPENWRT-BSP_TGP3/staging_dir/host/include -w  -std=gnu11 -o CMakeFiles/cmTC_36ab1.dir/HAVE_EXT2FS_EXT2_FS_H.c.o -c /mnt/sdb/THG6500-MINI-TAX2-OPENWRT-BSP_TGP3/build_dir/host/cmake-3.22.3/CMakeFiles/CheckIncludeFiles/HAVE_EXT2FS_EXT2_FS_H.c
/mnt/sdb/THG6500-MINI-TAX2-OPENWRT-BSP_TGP3/build_dir/host/cmake-3.22.3/CMakeFiles/CheckIncludeFiles/HAVE_EXT2FS_EXT2_FS_H.c:6:10: fatal error: ext2fs/ext2_fs.h: No such file or directory
    6 | #include <ext2fs/ext2_fs.h>
      |          ^~~~~~~~~~~~~~~~~~
compilation terminated.
ninja: build stopped: subcommand failed.


Source:
/* */
#include <sys/types.h>
#include <ctype.h>
#include <dlfcn.h>
#include <errno.h>
#include <ext2fs/ext2_fs.h>


int main(void){return 0;}

Performing C SOURCE FILE Test HAVE_WORKING_EXT2_IOC_GETFLAGS failed with the following output:
Change Dir: /mnt/sdb/THG6500-MINI-TAX2-OPENWRT-BSP_TGP3/build_dir/host/cmake-3.22.3/CMakeFiles/CMakeTmp

Run Build Command(s):/mnt/sdb/THG6500-MINI-TAX2-OPENWRT-BSP_TGP3/staging_dir/host/bin/ninja cmTC_5f6e0 && [1/2] Building C object CMakeFiles/cmTC_5f6e0.dir/src.c.o
FAILED: CMakeFiles/cmTC_5f6e0.dir/src.c.o 
/mnt/sdb/THG6500-MINI-TAX2-OPENWRT-BSP_TGP3/staging_dir/host/bin/gcc -DHAVE_WORKING_EXT2_IOC_GETFLAGS  -O2 -I/mnt/sdb/THG6500-MINI-TAX2-OPENWRT-BSP_TGP3/staging_dir/host/include -w  -std=gnu11 -o CMakeFiles/cmTC_5f6e0.dir/src.c.o -c /mnt/sdb/THG6500-MINI-TAX2-OPENWRT-BSP_TGP3/build_dir/host/cmake-3.22.3/CMakeFiles/CMakeTmp/src.c
/mnt/sdb/THG6500-MINI-TAX2-OPENWRT-BSP_TGP3/build_dir/host/cmake-3.22.3/CMakeFiles/CMakeTmp/src.c:2:10: fatal error: ext2fs/ext2_fs.h: No such file or directory
    2 | #include <ext2fs/ext2_fs.h>
      |          ^~~~~~~~~~~~~~~~~~
compilation terminated.
ninja: build stopped: subcommand failed.


Source file was:
#include <sys/ioctl.h>
#include <ext2fs/ext2_fs.h>
int main(void) { return EXT2_IOC_GETFLAGS; }
Determining if files sys/types.h;ctype.h;dlfcn.h;errno.h;fcntl.h;grp.h;langinfo.h;limits.h;linux/types.h;linux/fiemap.h;linux/fs.h;linux/magic.h;locale.h;membership.h exist failed with the following output:
Change Dir: /mnt/sdb/THG6500-MINI-TAX2-OPENWRT-BSP_TGP3/build_dir/host/cmake-3.22.3/CMakeFiles/CMakeTmp

Run Build Command(s):/mnt/sdb/THG6500-MINI-TAX2-OPENWRT-BSP_TGP3/staging_dir/host/bin/ninja cmTC_65371 && [1/2] Building C object CMakeFiles/cmTC_65371.dir/HAVE_MEMBERSHIP_H.c.o
FAILED: CMakeFiles/cmTC_65371.dir/HAVE_MEMBERSHIP_H.c.o 
/mnt/sdb/THG6500-MINI-TAX2-OPENWRT-BSP_TGP3/staging_dir/host/bin/gcc   -O2 -I/mnt/sdb/THG6500-MINI-TAX2-OPENWRT-BSP_TGP3/staging_dir/host/include -w  -std=gnu11 -o CMakeFiles/cmTC_65371.dir/HAVE_MEMBERSHIP_H.c.o -c /mnt/sdb/THG6500-MINI-TAX2-OPENWRT-BSP_TGP3/build_dir/host/cmake-3.22.3/CMakeFiles/CheckIncludeFiles/HAVE_MEMBERSHIP_H.c
/mnt/sdb/THG6500-MINI-TAX2-OPENWRT-BSP_TGP3/build_dir/host/cmake-3.22.3/CMakeFiles/CheckIncludeFiles/HAVE_MEMBERSHIP_H.c:15:10: fatal error: membership.h: No such file or directory
   15 | #include <membership.h>
      |          ^~~~~~~~~~~~~~
compilation terminated.
ninja: build stopped: subcommand failed.


Source:
/* */
#include <sys/types.h>
#include <ctype.h>
#include <dlfcn.h>
#include <errno.h>
#include <fcntl.h>
#include <grp.h>
#include <langinfo.h>
#include <limits.h>
#include <linux/types.h>
#include <linux/fiemap.h>
#include <linux/fs.h>
#include <linux/magic.h>
#include <locale.h>
#include <membership.h>


int main(void){return 0;}

Determining if files sys/types.h;ctype.h;dlfcn.h;errno.h;fcntl.h;grp.h;langinfo.h;limits.h;linux/types.h;linux/fiemap.h;linux/fs.h;linux/magic.h;locale.h;memory.h;paths.h;poll.h;pthread.h;pwd.h;readpassphrase.h exist failed with the following output:
Change Dir: /mnt/sdb/THG6500-MINI-TAX2-OPENWRT-BSP_TGP3/build_dir/host/cmake-3.22.3/CMakeFiles/CMakeTmp

Run Build Command(s):/mnt/sdb/THG6500-MINI-TAX2-OPENWRT-BSP_TGP3/staging_dir/host/bin/ninja cmTC_8e018 && [1/2] Building C object CMakeFiles/cmTC_8e018.dir/HAVE_READPASSPHRASE_H.c.o
FAILED: CMakeFiles/cmTC_8e018.dir/HAVE_READPASSPHRASE_H.c.o 
/mnt/sdb/THG6500-MINI-TAX2-OPENWRT-BSP_TGP3/staging_dir/host/bin/gcc   -O2 -I/mnt/sdb/THG6500-MINI-TAX2-OPENWRT-BSP_TGP3/staging_dir/host/include -w  -std=gnu11 -o CMakeFiles/cmTC_8e018.dir/HAVE_READPASSPHRASE_H.c.o -c /mnt/sdb/THG6500-MINI-TAX2-OPENWRT-BSP_TGP3/build_dir/host/cmake-3.22.3/CMakeFiles/CheckIncludeFiles/HAVE_READPASSPHRASE_H.c
/mnt/sdb/THG6500-MINI-TAX2-OPENWRT-BSP_TGP3/build_dir/host/cmake-3.22.3/CMakeFiles/CheckIncludeFiles/HAVE_READPASSPHRASE_H.c:20:10: fatal error: readpassphrase.h: No such file or directory
   20 | #include <readpassphrase.h>
      |          ^~~~~~~~~~~~~~~~~~
compilation terminated.
ninja: build stopped: subcommand failed.


Source:
/* */
#include <sys/types.h>
#include <ctype.h>
#include <dlfcn.h>
#include <errno.h>
#include <fcntl.h>
#include <grp.h>
#include <langinfo.h>
#include <limits.h>
#include <linux/types.h>
#include <linux/fiemap.h>
#include <linux/fs.h>
#include <linux/magic.h>
#include <locale.h>
#include <memory.h>
#include <paths.h>
#include <poll.h>
#include <pthread.h>
#include <pwd.h>
#include <readpassphrase.h>


int main(void){return 0;}

Determining if files sys/types.h;ctype.h;dlfcn.h;errno.h;fcntl.h;grp.h;langinfo.h;limits.h;linux/types.h;linux/fiemap.h;linux/fs.h;linux/magic.h;locale.h;memory.h;paths.h;poll.h;pthread.h;pwd.h;regex.h;signal.h;spawn.h;stdarg.h;stdlib.h;string.h;strings.h;sys/acl.h exist failed with the following output:
Change Dir: /mnt/sdb/THG6500-MINI-TAX2-OPENWRT-BSP_TGP3/build_dir/host/cmake-3.22.3/CMakeFiles/CMakeTmp

Run Build Command(s):/mnt/sdb/THG6500-MINI-TAX2-OPENWRT-BSP_TGP3/staging_dir/host/bin/ninja cmTC_03153 && [1/2] Building C object CMakeFiles/cmTC_03153.dir/HAVE_SYS_ACL_H.c.o
FAILED: CMakeFiles/cmTC_03153.dir/HAVE_SYS_ACL_H.c.o 
/mnt/sdb/THG6500-MINI-TAX2-OPENWRT-BSP_TGP3/staging_dir/host/bin/gcc   -O2 -I/mnt/sdb/THG6500-MINI-TAX2-OPENWRT-BSP_TGP3/staging_dir/host/include -w  -std=gnu11 -o CMakeFiles/cmTC_03153.dir/HAVE_SYS_ACL_H.c.o -c /mnt/sdb/THG6500-MINI-TAX2-OPENWRT-BSP_TGP3/build_dir/host/cmake-3.22.3/CMakeFiles/CheckIncludeFiles/HAVE_SYS_ACL_H.c
/mnt/sdb/THG6500-MINI-TAX2-OPENWRT-BSP_TGP3/build_dir/host/cmake-3.22.3/CMakeFiles/CheckIncludeFiles/HAVE_SYS_ACL_H.c:27:10: fatal error: sys/acl.h: No such file or directory
   27 | #include <sys/acl.h>
      |          ^~~~~~~~~~~
compilation terminated.
ninja: build stopped: subcommand failed.


Source:
/* */
#include <sys/types.h>
#include <ctype.h>
#include <dlfcn.h>
#include <errno.h>
#include <fcntl.h>
#include <grp.h>
#include <langinfo.h>
#include <limits.h>
#include <linux/types.h>
#include <linux/fiemap.h>
#include <linux/fs.h>
#include <linux/magic.h>
#include <locale.h>
#include <memory.h>
#include <paths.h>
#include <poll.h>
#include <pthread.h>
#include <pwd.h>
#include <regex.h>
#include <signal.h>
#include <spawn.h>
#include <stdarg.h>
#include <stdlib.h>
#include <string.h>
#include <strings.h>
#include <sys/acl.h>


int main(void){return 0;}

Determining if files sys/types.h;ctype.h;dlfcn.h;errno.h;fcntl.h;grp.h;langinfo.h;limits.h;linux/types.h;linux/fiemap.h;linux/fs.h;linux/magic.h;locale.h;memory.h;paths.h;poll.h;pthread.h;pwd.h;regex.h;signal.h;spawn.h;stdarg.h;stdlib.h;string.h;strings.h;sys/cdefs.h;sys/extattr.h exist failed with the following output:
Change Dir: /mnt/sdb/THG6500-MINI-TAX2-OPENWRT-BSP_TGP3/build_dir/host/cmake-3.22.3/CMakeFiles/CMakeTmp

Run Build Command(s):/mnt/sdb/THG6500-MINI-TAX2-OPENWRT-BSP_TGP3/staging_dir/host/bin/ninja cmTC_a67bb && [1/2] Building C object CMakeFiles/cmTC_a67bb.dir/HAVE_SYS_EXTATTR_H.c.o
FAILED: CMakeFiles/cmTC_a67bb.dir/HAVE_SYS_EXTATTR_H.c.o 
/mnt/sdb/THG6500-MINI-TAX2-OPENWRT-BSP_TGP3/staging_dir/host/bin/gcc   -O2 -I/mnt/sdb/THG6500-MINI-TAX2-OPENWRT-BSP_TGP3/staging_dir/host/include -w  -std=gnu11 -o CMakeFiles/cmTC_a67bb.dir/HAVE_SYS_EXTATTR_H.c.o -c /mnt/sdb/THG6500-MINI-TAX2-OPENWRT-BSP_TGP3/build_dir/host/cmake-3.22.3/CMakeFiles/CheckIncludeFiles/HAVE_SYS_EXTATTR_H.c
/mnt/sdb/THG6500-MINI-TAX2-OPENWRT-BSP_TGP3/build_dir/host/cmake-3.22.3/CMakeFiles/CheckIncludeFiles/HAVE_SYS_EXTATTR_H.c:28:10: fatal error: sys/extattr.h: No such file or directory
   28 | #include <sys/extattr.h>
      |          ^~~~~~~~~~~~~~~
compilation terminated.
ninja: build stopped: subcommand failed.


Source:
/* */
#include <sys/types.h>
#include <ctype.h>
#include <dlfcn.h>
#include <errno.h>
#include <fcntl.h>
#include <grp.h>
#include <langinfo.h>
#include <limits.h>
#include <linux/types.h>
#include <linux/fiemap.h>
#include <linux/fs.h>
#include <linux/magic.h>
#include <locale.h>
#include <memory.h>
#include <paths.h>
#include <poll.h>
#include <pthread.h>
#include <pwd.h>
#include <regex.h>
#include <signal.h>
#include <spawn.h>
#include <stdarg.h>
#include <stdlib.h>
#include <string.h>
#include <strings.h>
#include <sys/cdefs.h>
#include <sys/extattr.h>


int main(void){return 0;}

Determining if files sys/types.h;ctype.h;dlfcn.h;errno.h;fcntl.h;grp.h;langinfo.h;limits.h;linux/types.h;linux/fiemap.h;linux/fs.h;linux/magic.h;locale.h;memory.h;paths.h;poll.h;pthread.h;pwd.h;regex.h;signal.h;spawn.h;stdarg.h;stdlib.h;string.h;strings.h;sys/cdefs.h;sys/ioctl.h;sys/mkdev.h exist failed with the following output:
Change Dir: /mnt/sdb/THG6500-MINI-TAX2-OPENWRT-BSP_TGP3/build_dir/host/cmake-3.22.3/CMakeFiles/CMakeTmp

Run Build Command(s):/mnt/sdb/THG6500-MINI-TAX2-OPENWRT-BSP_TGP3/staging_dir/host/bin/ninja cmTC_5cf44 && [1/2] Building C object CMakeFiles/cmTC_5cf44.dir/HAVE_SYS_MKDEV_H.c.o
FAILED: CMakeFiles/cmTC_5cf44.dir/HAVE_SYS_MKDEV_H.c.o 
/mnt/sdb/THG6500-MINI-TAX2-OPENWRT-BSP_TGP3/staging_dir/host/bin/gcc   -O2 -I/mnt/sdb/THG6500-MINI-TAX2-OPENWRT-BSP_TGP3/staging_dir/host/include -w  -std=gnu11 -o CMakeFiles/cmTC_5cf44.dir/HAVE_SYS_MKDEV_H.c.o -c /mnt/sdb/THG6500-MINI-TAX2-OPENWRT-BSP_TGP3/build_dir/host/cmake-3.22.3/CMakeFiles/CheckIncludeFiles/HAVE_SYS_MKDEV_H.c
/mnt/sdb/THG6500-MINI-TAX2-OPENWRT-BSP_TGP3/build_dir/host/cmake-3.22.3/CMakeFiles/CheckIncludeFiles/HAVE_SYS_MKDEV_H.c:29:10: fatal error: sys/mkdev.h: No such file or directory
   29 | #include <sys/mkdev.h>
      |          ^~~~~~~~~~~~~
compilation terminated.
ninja: build stopped: subcommand failed.


Source:
/* */
#include <sys/types.h>
#include <ctype.h>
#include <dlfcn.h>
#include <errno.h>
#include <fcntl.h>
#include <grp.h>
#include <langinfo.h>
#include <limits.h>
#include <linux/types.h>
#include <linux/fiemap.h>
#include <linux/fs.h>
#include <linux/magic.h>
#include <locale.h>
#include <memory.h>
#include <paths.h>
#include <poll.h>
#include <pthread.h>
#include <pwd.h>
#include <regex.h>
#include <signal.h>
#include <spawn.h>
#include <stdarg.h>
#include <stdlib.h>
#include <string.h>
#include <strings.h>
#include <sys/cdefs.h>
#include <sys/ioctl.h>
#include <sys/mkdev.h>


int main(void){return 0;}

Determining if files sys/types.h;ctype.h;dlfcn.h;errno.h;fcntl.h;grp.h;langinfo.h;limits.h;linux/types.h;linux/fiemap.h;linux/fs.h;linux/magic.h;locale.h;memory.h;paths.h;poll.h;pthread.h;pwd.h;regex.h;signal.h;spawn.h;stdarg.h;stdlib.h;string.h;strings.h;sys/cdefs.h;sys/ioctl.h;sys/mount.h exist failed with the following output:
Change Dir: /mnt/sdb/THG6500-MINI-TAX2-OPENWRT-BSP_TGP3/build_dir/host/cmake-3.22.3/CMakeFiles/CMakeTmp

Run Build Command(s):/mnt/sdb/THG6500-MINI-TAX2-OPENWRT-BSP_TGP3/staging_dir/host/bin/ninja cmTC_fdc0c && [1/2] Building C object CMakeFiles/cmTC_fdc0c.dir/HAVE_SYS_MOUNT_H.c.o
FAILED: CMakeFiles/cmTC_fdc0c.dir/HAVE_SYS_MOUNT_H.c.o 
/mnt/sdb/THG6500-MINI-TAX2-OPENWRT-BSP_TGP3/staging_dir/host/bin/gcc   -O2 -I/mnt/sdb/THG6500-MINI-TAX2-OPENWRT-BSP_TGP3/staging_dir/host/include -w  -std=gnu11 -o CMakeFiles/cmTC_fdc0c.dir/HAVE_SYS_MOUNT_H.c.o -c /mnt/sdb/THG6500-MINI-TAX2-OPENWRT-BSP_TGP3/build_dir/host/cmake-3.22.3/CMakeFiles/CheckIncludeFiles/HAVE_SYS_MOUNT_H.c
In file included from /usr/include/linux/fs.h:19,
                 from /mnt/sdb/THG6500-MINI-TAX2-OPENWRT-BSP_TGP3/build_dir/host/cmake-3.22.3/CMakeFiles/CheckIncludeFiles/HAVE_SYS_MOUNT_H.c:12:
/usr/include/x86_64-linux-gnu/sys/mount.h:35:3: error: expected identifier before numeric constant
   35 |   MS_RDONLY = 1,                /* Mount read-only.  */
      |   ^~~~~~~~~
ninja: build stopped: subcommand failed.


Source:
/* */
#include <sys/types.h>
#include <ctype.h>
#include <dlfcn.h>
#include <errno.h>
#include <fcntl.h>
#include <grp.h>
#include <langinfo.h>
#include <limits.h>
#include <linux/types.h>
#include <linux/fiemap.h>
#include <linux/fs.h>
#include <linux/magic.h>
#include <locale.h>
#include <memory.h>
#include <paths.h>
#include <poll.h>
#include <pthread.h>
#include <pwd.h>
#include <regex.h>
#include <signal.h>
#include <spawn.h>
#include <stdarg.h>
#include <stdlib.h>
#include <string.h>
#include <strings.h>
#include <sys/cdefs.h>
#include <sys/ioctl.h>
#include <sys/mount.h>


int main(void){return 0;}

Determining if files sys/types.h;ctype.h;dlfcn.h;errno.h;fcntl.h;grp.h;langinfo.h;limits.h;linux/types.h;linux/fiemap.h;linux/fs.h;linux/magic.h;locale.h;memory.h;paths.h;poll.h;pthread.h;pwd.h;regex.h;signal.h;spawn.h;stdarg.h;stdlib.h;string.h;strings.h;sys/cdefs.h;sys/ioctl.h;sys/param.h;sys/poll.h;sys/richacl.h exist failed with the following output:
Change Dir: /mnt/sdb/THG6500-MINI-TAX2-OPENWRT-BSP_TGP3/build_dir/host/cmake-3.22.3/CMakeFiles/CMakeTmp

Run Build Command(s):/mnt/sdb/THG6500-MINI-TAX2-OPENWRT-BSP_TGP3/staging_dir/host/bin/ninja cmTC_84d0b && [1/2] Building C object CMakeFiles/cmTC_84d0b.dir/HAVE_SYS_RICHACL_H.c.o
FAILED: CMakeFiles/cmTC_84d0b.dir/HAVE_SYS_RICHACL_H.c.o 
/mnt/sdb/THG6500-MINI-TAX2-OPENWRT-BSP_TGP3/staging_dir/host/bin/gcc   -O2 -I/mnt/sdb/THG6500-MINI-TAX2-OPENWRT-BSP_TGP3/staging_dir/host/include -w  -std=gnu11 -o CMakeFiles/cmTC_84d0b.dir/HAVE_SYS_RICHACL_H.c.o -c /mnt/sdb/THG6500-MINI-TAX2-OPENWRT-BSP_TGP3/build_dir/host/cmake-3.22.3/CMakeFiles/CheckIncludeFiles/HAVE_SYS_RICHACL_H.c
/mnt/sdb/THG6500-MINI-TAX2-OPENWRT-BSP_TGP3/build_dir/host/cmake-3.22.3/CMakeFiles/CheckIncludeFiles/HAVE_SYS_RICHACL_H.c:31:10: fatal error: sys/richacl.h: No such file or directory
   31 | #include <sys/richacl.h>
      |          ^~~~~~~~~~~~~~~
compilation terminated.
ninja: build stopped: subcommand failed.


Source:
/* */
#include <sys/types.h>
#include <ctype.h>
#include <dlfcn.h>
#include <errno.h>
#include <fcntl.h>
#include <grp.h>
#include <langinfo.h>
#include <limits.h>
#include <linux/types.h>
#include <linux/fiemap.h>
#include <linux/fs.h>
#include <linux/magic.h>
#include <locale.h>
#include <memory.h>
#include <paths.h>
#include <poll.h>
#include <pthread.h>
#include <pwd.h>
#include <regex.h>
#include <signal.h>
#include <spawn.h>
#include <stdarg.h>
#include <stdlib.h>
#include <string.h>
#include <strings.h>
#include <sys/cdefs.h>
#include <sys/ioctl.h>
#include <sys/param.h>
#include <sys/poll.h>
#include <sys/richacl.h>


int main(void){return 0;}

Determining if files sys/types.h;ctype.h;dlfcn.h;errno.h;fcntl.h;grp.h;langinfo.h;limits.h;linux/types.h;linux/fiemap.h;linux/fs.h;linux/magic.h;locale.h;memory.h;paths.h;poll.h;pthread.h;pwd.h;regex.h;signal.h;spawn.h;stdarg.h;stdlib.h;string.h;strings.h;sys/cdefs.h;sys/ioctl.h;sys/param.h;sys/poll.h;sys/select.h;sys/stat.h;sys/statfs.h;sys/statvfs.h;sys/sysmacros.h;sys/time.h;sys/utsname.h;sys/vfs.h;sys/wait.h;sys/xattr.h;time.h;unistd.h;utime.h;wchar.h;wctype.h;windows.h exist failed with the following output:
Change Dir: /mnt/sdb/THG6500-MINI-TAX2-OPENWRT-BSP_TGP3/build_dir/host/cmake-3.22.3/CMakeFiles/CMakeTmp

Run Build Command(s):/mnt/sdb/THG6500-MINI-TAX2-OPENWRT-BSP_TGP3/staging_dir/host/bin/ninja cmTC_57414 && [1/2] Building C object CMakeFiles/cmTC_57414.dir/HAVE_WINDOWS_H.c.o
FAILED: CMakeFiles/cmTC_57414.dir/HAVE_WINDOWS_H.c.o 
/mnt/sdb/THG6500-MINI-TAX2-OPENWRT-BSP_TGP3/staging_dir/host/bin/gcc   -O2 -I/mnt/sdb/THG6500-MINI-TAX2-OPENWRT-BSP_TGP3/staging_dir/host/include -w  -std=gnu11 -o CMakeFiles/cmTC_57414.dir/HAVE_WINDOWS_H.c.o -c /mnt/sdb/THG6500-MINI-TAX2-OPENWRT-BSP_TGP3/build_dir/host/cmake-3.22.3/CMakeFiles/CheckIncludeFiles/HAVE_WINDOWS_H.c
/mnt/sdb/THG6500-MINI-TAX2-OPENWRT-BSP_TGP3/build_dir/host/cmake-3.22.3/CMakeFiles/CheckIncludeFiles/HAVE_WINDOWS_H.c:46:10: fatal error: windows.h: No such file or directory
   46 | #include <windows.h>
      |          ^~~~~~~~~~~
compilation terminated.
ninja: build stopped: subcommand failed.


Source:
/* */
#include <sys/types.h>
#include <ctype.h>
#include <dlfcn.h>
#include <errno.h>
#include <fcntl.h>
#include <grp.h>
#include <langinfo.h>
#include <limits.h>
#include <linux/types.h>
#include <linux/fiemap.h>
#include <linux/fs.h>
#include <linux/magic.h>
#include <locale.h>
#include <memory.h>
#include <paths.h>
#include <poll.h>
#include <pthread.h>
#include <pwd.h>
#include <regex.h>
#include <signal.h>
#include <spawn.h>
#include <stdarg.h>
#include <stdlib.h>
#include <string.h>
#include <strings.h>
#include <sys/cdefs.h>
#include <sys/ioctl.h>
#include <sys/param.h>
#include <sys/poll.h>
#include <sys/select.h>
#include <sys/stat.h>
#include <sys/statfs.h>
#include <sys/statvfs.h>
#include <sys/sysmacros.h>
#include <sys/time.h>
#include <sys/utsname.h>
#include <sys/vfs.h>
#include <sys/wait.h>
#include <sys/xattr.h>
#include <time.h>
#include <unistd.h>
#include <utime.h>
#include <wchar.h>
#include <wctype.h>
#include <windows.h>


int main(void){return 0;}

Determining if files sys/types.h;ctype.h;dlfcn.h;errno.h;fcntl.h;grp.h;langinfo.h;limits.h;linux/types.h;linux/fiemap.h;linux/fs.h;linux/magic.h;locale.h;memory.h;paths.h;poll.h;pthread.h;pwd.h;regex.h;signal.h;spawn.h;stdarg.h;stdlib.h;string.h;strings.h;sys/cdefs.h;sys/ioctl.h;sys/param.h;sys/poll.h;sys/select.h;sys/stat.h;sys/statfs.h;sys/statvfs.h;sys/sysmacros.h;sys/time.h;sys/utsname.h;sys/vfs.h;sys/wait.h;sys/xattr.h;time.h;unistd.h;utime.h;wchar.h;wctype.h;wincrypt.h exist failed with the following output:
Change Dir: /mnt/sdb/THG6500-MINI-TAX2-OPENWRT-BSP_TGP3/build_dir/host/cmake-3.22.3/CMakeFiles/CMakeTmp

Run Build Command(s):/mnt/sdb/THG6500-MINI-TAX2-OPENWRT-BSP_TGP3/staging_dir/host/bin/ninja cmTC_f7cc8 && [1/2] Building C object CMakeFiles/cmTC_f7cc8.dir/HAVE_WINCRYPT_H.c.o
FAILED: CMakeFiles/cmTC_f7cc8.dir/HAVE_WINCRYPT_H.c.o 
/mnt/sdb/THG6500-MINI-TAX2-OPENWRT-BSP_TGP3/staging_dir/host/bin/gcc   -O2 -I/mnt/sdb/THG6500-MINI-TAX2-OPENWRT-BSP_TGP3/staging_dir/host/include -w  -std=gnu11 -o CMakeFiles/cmTC_f7cc8.dir/HAVE_WINCRYPT_H.c.o -c /mnt/sdb/THG6500-MINI-TAX2-OPENWRT-BSP_TGP3/build_dir/host/cmake-3.22.3/CMakeFiles/CheckIncludeFiles/HAVE_WINCRYPT_H.c
/mnt/sdb/THG6500-MINI-TAX2-OPENWRT-BSP_TGP3/build_dir/host/cmake-3.22.3/CMakeFiles/CheckIncludeFiles/HAVE_WINCRYPT_H.c:46:10: fatal error: wincrypt.h: No such file or directory
   46 | #include <wincrypt.h>
      |          ^~~~~~~~~~~~
compilation terminated.
ninja: build stopped: subcommand failed.


Source:
/* */
#include <sys/types.h>
#include <ctype.h>
#include <dlfcn.h>
#include <errno.h>
#include <fcntl.h>
#include <grp.h>
#include <langinfo.h>
#include <limits.h>
#include <linux/types.h>
#include <linux/fiemap.h>
#include <linux/fs.h>
#include <linux/magic.h>
#include <locale.h>
#include <memory.h>
#include <paths.h>
#include <poll.h>
#include <pthread.h>
#include <pwd.h>
#include <regex.h>
#include <signal.h>
#include <spawn.h>
#include <stdarg.h>
#include <stdlib.h>
#include <string.h>
#include <strings.h>
#include <sys/cdefs.h>
#include <sys/ioctl.h>
#include <sys/param.h>
#include <sys/poll.h>
#include <sys/select.h>
#include <sys/stat.h>
#include <sys/statfs.h>
#include <sys/statvfs.h>
#include <sys/sysmacros.h>
#include <sys/time.h>
#include <sys/utsname.h>
#include <sys/vfs.h>
#include <sys/wait.h>
#include <sys/xattr.h>
#include <time.h>
#include <unistd.h>
#include <utime.h>
#include <wchar.h>
#include <wctype.h>
#include <wincrypt.h>


int main(void){return 0;}

Determining if files sys/types.h;ctype.h;dlfcn.h;errno.h;fcntl.h;grp.h;langinfo.h;limits.h;linux/types.h;linux/fiemap.h;linux/fs.h;linux/magic.h;locale.h;memory.h;paths.h;poll.h;pthread.h;pwd.h;regex.h;signal.h;spawn.h;stdarg.h;stdlib.h;string.h;strings.h;sys/cdefs.h;sys/ioctl.h;sys/param.h;sys/poll.h;sys/select.h;sys/stat.h;sys/statfs.h;sys/statvfs.h;sys/sysmacros.h;sys/time.h;sys/utsname.h;sys/vfs.h;sys/wait.h;sys/xattr.h;time.h;unistd.h;utime.h;wchar.h;wctype.h;winioctl.h exist failed with the following output:
Change Dir: /mnt/sdb/THG6500-MINI-TAX2-OPENWRT-BSP_TGP3/build_dir/host/cmake-3.22.3/CMakeFiles/CMakeTmp

Run Build Command(s):/mnt/sdb/THG6500-MINI-TAX2-OPENWRT-BSP_TGP3/staging_dir/host/bin/ninja cmTC_c4f83 && [1/2] Building C object CMakeFiles/cmTC_c4f83.dir/HAVE_WINIOCTL_H.c.o
FAILED: CMakeFiles/cmTC_c4f83.dir/HAVE_WINIOCTL_H.c.o 
/mnt/sdb/THG6500-MINI-TAX2-OPENWRT-BSP_TGP3/staging_dir/host/bin/gcc   -O2 -I/mnt/sdb/THG6500-MINI-TAX2-OPENWRT-BSP_TGP3/staging_dir/host/include -w  -std=gnu11 -o CMakeFiles/cmTC_c4f83.dir/HAVE_WINIOCTL_H.c.o -c /mnt/sdb/THG6500-MINI-TAX2-OPENWRT-BSP_TGP3/build_dir/host/cmake-3.22.3/CMakeFiles/CheckIncludeFiles/HAVE_WINIOCTL_H.c
/mnt/sdb/THG6500-MINI-TAX2-OPENWRT-BSP_TGP3/build_dir/host/cmake-3.22.3/CMakeFiles/CheckIncludeFiles/HAVE_WINIOCTL_H.c:46:10: fatal error: winioctl.h: No such file or directory
   46 | #include <winioctl.h>
      |          ^~~~~~~~~~~~
compilation terminated.
ninja: build stopped: subcommand failed.


Source:
/* */
#include <sys/types.h>
#include <ctype.h>
#include <dlfcn.h>
#include <errno.h>
#include <fcntl.h>
#include <grp.h>
#include <langinfo.h>
#include <limits.h>
#include <linux/types.h>
#include <linux/fiemap.h>
#include <linux/fs.h>
#include <linux/magic.h>
#include <locale.h>
#include <memory.h>
#include <paths.h>
#include <poll.h>
#include <pthread.h>
#include <pwd.h>
#include <regex.h>
#include <signal.h>
#include <spawn.h>
#include <stdarg.h>
#include <stdlib.h>
#include <string.h>
#include <strings.h>
#include <sys/cdefs.h>
#include <sys/ioctl.h>
#include <sys/param.h>
#include <sys/poll.h>
#include <sys/select.h>
#include <sys/stat.h>
#include <sys/statfs.h>
#include <sys/statvfs.h>
#include <sys/sysmacros.h>
#include <sys/time.h>
#include <sys/utsname.h>
#include <sys/vfs.h>
#include <sys/wait.h>
#include <sys/xattr.h>
#include <time.h>
#include <unistd.h>
#include <utime.h>
#include <wchar.h>
#include <wctype.h>
#include <winioctl.h>


int main(void){return 0;}

Determining if the function getvfsbyname exists failed with the following output:
Change Dir: /mnt/sdb/THG6500-MINI-TAX2-OPENWRT-BSP_TGP3/build_dir/host/cmake-3.22.3/CMakeFiles/CMakeTmp

Run Build Command(s):/mnt/sdb/THG6500-MINI-TAX2-OPENWRT-BSP_TGP3/staging_dir/host/bin/ninja cmTC_a6e59 && [1/2] Building C object CMakeFiles/cmTC_a6e59.dir/CheckFunctionExists.c.o
[2/2] Linking C executable cmTC_a6e59
FAILED: cmTC_a6e59 
: && /mnt/sdb/THG6500-MINI-TAX2-OPENWRT-BSP_TGP3/staging_dir/host/bin/gcc -O2 -I/mnt/sdb/THG6500-MINI-TAX2-OPENWRT-BSP_TGP3/staging_dir/host/include -w -DCHECK_FUNCTION_EXISTS=getvfsbyname  -fno-builtin -L/mnt/sdb/THG6500-MINI-TAX2-OPENWRT-BSP_TGP3/staging_dir/host/lib CMakeFiles/cmTC_a6e59.dir/CheckFunctionExists.c.o -o cmTC_a6e59   && :
/usr/bin/ld: CMakeFiles/cmTC_a6e59.dir/CheckFunctionExists.c.o: in function `main':
CheckFunctionExists.c:(.text.startup+0x10): undefined reference to `getvfsbyname'
collect2: error: ld returned 1 exit status
ninja: build stopped: subcommand failed.



Determining if the function lchflags exists failed with the following output:
Change Dir: /mnt/sdb/THG6500-MINI-TAX2-OPENWRT-BSP_TGP3/build_dir/host/cmake-3.22.3/CMakeFiles/CMakeTmp

Run Build Command(s):/mnt/sdb/THG6500-MINI-TAX2-OPENWRT-BSP_TGP3/staging_dir/host/bin/ninja cmTC_1675f && [1/2] Building C object CMakeFiles/cmTC_1675f.dir/CheckFunctionExists.c.o
[2/2] Linking C executable cmTC_1675f
FAILED: cmTC_1675f 
: && /mnt/sdb/THG6500-MINI-TAX2-OPENWRT-BSP_TGP3/staging_dir/host/bin/gcc -O2 -I/mnt/sdb/THG6500-MINI-TAX2-OPENWRT-BSP_TGP3/staging_dir/host/include -w -DCHECK_FUNCTION_EXISTS=lchflags  -fno-builtin -L/mnt/sdb/THG6500-MINI-TAX2-OPENWRT-BSP_TGP3/staging_dir/host/lib CMakeFiles/cmTC_1675f.dir/CheckFunctionExists.c.o -o cmTC_1675f   && :
/usr/bin/ld: CMakeFiles/cmTC_1675f.dir/CheckFunctionExists.c.o: in function `main':
CheckFunctionExists.c:(.text.startup+0x10): undefined reference to `lchflags'
collect2: error: ld returned 1 exit status
ninja: build stopped: subcommand failed.



Determining if the function readpassphrase exists failed with the following output:
Change Dir: /mnt/sdb/THG6500-MINI-TAX2-OPENWRT-BSP_TGP3/build_dir/host/cmake-3.22.3/CMakeFiles/CMakeTmp

Run Build Command(s):/mnt/sdb/THG6500-MINI-TAX2-OPENWRT-BSP_TGP3/staging_dir/host/bin/ninja cmTC_cc97c && [1/2] Building C object CMakeFiles/cmTC_cc97c.dir/CheckFunctionExists.c.o
[2/2] Linking C executable cmTC_cc97c
FAILED: cmTC_cc97c 
: && /mnt/sdb/THG6500-MINI-TAX2-OPENWRT-BSP_TGP3/staging_dir/host/bin/gcc -O2 -I/mnt/sdb/THG6500-MINI-TAX2-OPENWRT-BSP_TGP3/staging_dir/host/include -w -DCHECK_FUNCTION_EXISTS=readpassphrase  -fno-builtin -L/mnt/sdb/THG6500-MINI-TAX2-OPENWRT-BSP_TGP3/staging_dir/host/lib CMakeFiles/cmTC_cc97c.dir/CheckFunctionExists.c.o -o cmTC_cc97c   && :
/usr/bin/ld: CMakeFiles/cmTC_cc97c.dir/CheckFunctionExists.c.o: in function `main':
CheckFunctionExists.c:(.text.startup+0x10): undefined reference to `readpassphrase'
collect2: error: ld returned 1 exit status
ninja: build stopped: subcommand failed.



Determining if the function strncpy_s exists failed with the following output:
Change Dir: /mnt/sdb/THG6500-MINI-TAX2-OPENWRT-BSP_TGP3/build_dir/host/cmake-3.22.3/CMakeFiles/CMakeTmp

Run Build Command(s):/mnt/sdb/THG6500-MINI-TAX2-OPENWRT-BSP_TGP3/staging_dir/host/bin/ninja cmTC_b8a6b && [1/2] Building C object CMakeFiles/cmTC_b8a6b.dir/CheckFunctionExists.c.o
[2/2] Linking C executable cmTC_b8a6b
FAILED: cmTC_b8a6b 
: && /mnt/sdb/THG6500-MINI-TAX2-OPENWRT-BSP_TGP3/staging_dir/host/bin/gcc -O2 -I/mnt/sdb/THG6500-MINI-TAX2-OPENWRT-BSP_TGP3/staging_dir/host/include -w -DCHECK_FUNCTION_EXISTS=strncpy_s  -fno-builtin -L/mnt/sdb/THG6500-MINI-TAX2-OPENWRT-BSP_TGP3/staging_dir/host/lib CMakeFiles/cmTC_b8a6b.dir/CheckFunctionExists.c.o -o cmTC_b8a6b   && :
/usr/bin/ld: CMakeFiles/cmTC_b8a6b.dir/CheckFunctionExists.c.o: in function `main':
CheckFunctionExists.c:(.text.startup+0x10): undefined reference to `strncpy_s'
collect2: error: ld returned 1 exit status
ninja: build stopped: subcommand failed.



Determining if the function _ctime64_s exists failed with the following output:
Change Dir: /mnt/sdb/THG6500-MINI-TAX2-OPENWRT-BSP_TGP3/build_dir/host/cmake-3.22.3/CMakeFiles/CMakeTmp

Run Build Command(s):/mnt/sdb/THG6500-MINI-TAX2-OPENWRT-BSP_TGP3/staging_dir/host/bin/ninja cmTC_66e6b && [1/2] Building C object CMakeFiles/cmTC_66e6b.dir/CheckFunctionExists.c.o
[2/2] Linking C executable cmTC_66e6b
FAILED: cmTC_66e6b 
: && /mnt/sdb/THG6500-MINI-TAX2-OPENWRT-BSP_TGP3/staging_dir/host/bin/gcc -O2 -I/mnt/sdb/THG6500-MINI-TAX2-OPENWRT-BSP_TGP3/staging_dir/host/include -w -DCHECK_FUNCTION_EXISTS=_ctime64_s  -fno-builtin -L/mnt/sdb/THG6500-MINI-TAX2-OPENWRT-BSP_TGP3/staging_dir/host/lib CMakeFiles/cmTC_66e6b.dir/CheckFunctionExists.c.o -o cmTC_66e6b   && :
/usr/bin/ld: CMakeFiles/cmTC_66e6b.dir/CheckFunctionExists.c.o: in function `main':
CheckFunctionExists.c:(.text.startup+0x10): undefined reference to `_ctime64_s'
collect2: error: ld returned 1 exit status
ninja: build stopped: subcommand failed.



Determining if the function _fseeki64 exists failed with the following output:
Change Dir: /mnt/sdb/THG6500-MINI-TAX2-OPENWRT-BSP_TGP3/build_dir/host/cmake-3.22.3/CMakeFiles/CMakeTmp

Run Build Command(s):/mnt/sdb/THG6500-MINI-TAX2-OPENWRT-BSP_TGP3/staging_dir/host/bin/ninja cmTC_ab5f3 && [1/2] Building C object CMakeFiles/cmTC_ab5f3.dir/CheckFunctionExists.c.o
[2/2] Linking C executable cmTC_ab5f3
FAILED: cmTC_ab5f3 
: && /mnt/sdb/THG6500-MINI-TAX2-OPENWRT-BSP_TGP3/staging_dir/host/bin/gcc -O2 -I/mnt/sdb/THG6500-MINI-TAX2-OPENWRT-BSP_TGP3/staging_dir/host/include -w -DCHECK_FUNCTION_EXISTS=_fseeki64  -fno-builtin -L/mnt/sdb/THG6500-MINI-TAX2-OPENWRT-BSP_TGP3/staging_dir/host/lib CMakeFiles/cmTC_ab5f3.dir/CheckFunctionExists.c.o -o cmTC_ab5f3   && :
/usr/bin/ld: CMakeFiles/cmTC_ab5f3.dir/CheckFunctionExists.c.o: in function `main':
CheckFunctionExists.c:(.text.startup+0x10): undefined reference to `_fseeki64'
collect2: error: ld returned 1 exit status
ninja: build stopped: subcommand failed.



Determining if the function _get_timezone exists failed with the following output:
Change Dir: /mnt/sdb/THG6500-MINI-TAX2-OPENWRT-BSP_TGP3/build_dir/host/cmake-3.22.3/CMakeFiles/CMakeTmp

Run Build Command(s):/mnt/sdb/THG6500-MINI-TAX2-OPENWRT-BSP_TGP3/staging_dir/host/bin/ninja cmTC_7964e && [1/2] Building C object CMakeFiles/cmTC_7964e.dir/CheckFunctionExists.c.o
[2/2] Linking C executable cmTC_7964e
FAILED: cmTC_7964e 
: && /mnt/sdb/THG6500-MINI-TAX2-OPENWRT-BSP_TGP3/staging_dir/host/bin/gcc -O2 -I/mnt/sdb/THG6500-MINI-TAX2-OPENWRT-BSP_TGP3/staging_dir/host/include -w -DCHECK_FUNCTION_EXISTS=_get_timezone  -fno-builtin -L/mnt/sdb/THG6500-MINI-TAX2-OPENWRT-BSP_TGP3/staging_dir/host/lib CMakeFiles/cmTC_7964e.dir/CheckFunctionExists.c.o -o cmTC_7964e   && :
/usr/bin/ld: CMakeFiles/cmTC_7964e.dir/CheckFunctionExists.c.o: in function `main':
CheckFunctionExists.c:(.text.startup+0x10): undefined reference to `_get_timezone'
collect2: error: ld returned 1 exit status
ninja: build stopped: subcommand failed.



Determining if the function _gmtime64_s exists failed with the following output:
Change Dir: /mnt/sdb/THG6500-MINI-TAX2-OPENWRT-BSP_TGP3/build_dir/host/cmake-3.22.3/CMakeFiles/CMakeTmp

Run Build Command(s):/mnt/sdb/THG6500-MINI-TAX2-OPENWRT-BSP_TGP3/staging_dir/host/bin/ninja cmTC_7da8d && [1/2] Building C object CMakeFiles/cmTC_7da8d.dir/CheckFunctionExists.c.o
[2/2] Linking C executable cmTC_7da8d
FAILED: cmTC_7da8d 
: && /mnt/sdb/THG6500-MINI-TAX2-OPENWRT-BSP_TGP3/staging_dir/host/bin/gcc -O2 -I/mnt/sdb/THG6500-MINI-TAX2-OPENWRT-BSP_TGP3/staging_dir/host/include -w -DCHECK_FUNCTION_EXISTS=_gmtime64_s  -fno-builtin -L/mnt/sdb/THG6500-MINI-TAX2-OPENWRT-BSP_TGP3/staging_dir/host/lib CMakeFiles/cmTC_7da8d.dir/CheckFunctionExists.c.o -o cmTC_7da8d   && :
/usr/bin/ld: CMakeFiles/cmTC_7da8d.dir/CheckFunctionExists.c.o: in function `main':
CheckFunctionExists.c:(.text.startup+0x10): undefined reference to `_gmtime64_s'
collect2: error: ld returned 1 exit status
ninja: build stopped: subcommand failed.



Determining if the function _localtime64_s exists failed with the following output:
Change Dir: /mnt/sdb/THG6500-MINI-TAX2-OPENWRT-BSP_TGP3/build_dir/host/cmake-3.22.3/CMakeFiles/CMakeTmp

Run Build Command(s):/mnt/sdb/THG6500-MINI-TAX2-OPENWRT-BSP_TGP3/staging_dir/host/bin/ninja cmTC_ccddd && [1/2] Building C object CMakeFiles/cmTC_ccddd.dir/CheckFunctionExists.c.o
[2/2] Linking C executable cmTC_ccddd
FAILED: cmTC_ccddd 
: && /mnt/sdb/THG6500-MINI-TAX2-OPENWRT-BSP_TGP3/staging_dir/host/bin/gcc -O2 -I/mnt/sdb/THG6500-MINI-TAX2-OPENWRT-BSP_TGP3/staging_dir/host/include -w -DCHECK_FUNCTION_EXISTS=_localtime64_s  -fno-builtin -L/mnt/sdb/THG6500-MINI-TAX2-OPENWRT-BSP_TGP3/staging_dir/host/lib CMakeFiles/cmTC_ccddd.dir/CheckFunctionExists.c.o -o cmTC_ccddd   && :
/usr/bin/ld: CMakeFiles/cmTC_ccddd.dir/CheckFunctionExists.c.o: in function `main':
CheckFunctionExists.c:(.text.startup+0x10): undefined reference to `_localtime64_s'
collect2: error: ld returned 1 exit status
ninja: build stopped: subcommand failed.



Determining if the function _mkgmtime64 exists failed with the following output:
Change Dir: /mnt/sdb/THG6500-MINI-TAX2-OPENWRT-BSP_TGP3/build_dir/host/cmake-3.22.3/CMakeFiles/CMakeTmp

Run Build Command(s):/mnt/sdb/THG6500-MINI-TAX2-OPENWRT-BSP_TGP3/staging_dir/host/bin/ninja cmTC_1ef99 && [1/2] Building C object CMakeFiles/cmTC_1ef99.dir/CheckFunctionExists.c.o
[2/2] Linking C executable cmTC_1ef99
FAILED: cmTC_1ef99 
: && /mnt/sdb/THG6500-MINI-TAX2-OPENWRT-BSP_TGP3/staging_dir/host/bin/gcc -O2 -I/mnt/sdb/THG6500-MINI-TAX2-OPENWRT-BSP_TGP3/staging_dir/host/include -w -DCHECK_FUNCTION_EXISTS=_mkgmtime64  -fno-builtin -L/mnt/sdb/THG6500-MINI-TAX2-OPENWRT-BSP_TGP3/staging_dir/host/lib CMakeFiles/cmTC_1ef99.dir/CheckFunctionExists.c.o -o cmTC_1ef99   && :
/usr/bin/ld: CMakeFiles/cmTC_1ef99.dir/CheckFunctionExists.c.o: in function `main':
CheckFunctionExists.c:(.text.startup+0x10): undefined reference to `_mkgmtime64'
collect2: error: ld returned 1 exit status
ninja: build stopped: subcommand failed.



Determining if the function cygwin_conv_path exists failed with the following output:
Change Dir: /mnt/sdb/THG6500-MINI-TAX2-OPENWRT-BSP_TGP3/build_dir/host/cmake-3.22.3/CMakeFiles/CMakeTmp

Run Build Command(s):/mnt/sdb/THG6500-MINI-TAX2-OPENWRT-BSP_TGP3/staging_dir/host/bin/ninja cmTC_07d77 && [1/2] Building C object CMakeFiles/cmTC_07d77.dir/CheckFunctionExists.c.o
[2/2] Linking C executable cmTC_07d77
FAILED: cmTC_07d77 
: && /mnt/sdb/THG6500-MINI-TAX2-OPENWRT-BSP_TGP3/staging_dir/host/bin/gcc -O2 -I/mnt/sdb/THG6500-MINI-TAX2-OPENWRT-BSP_TGP3/staging_dir/host/include -w -DCHECK_FUNCTION_EXISTS=cygwin_conv_path  -fno-builtin -L/mnt/sdb/THG6500-MINI-TAX2-OPENWRT-BSP_TGP3/staging_dir/host/lib CMakeFiles/cmTC_07d77.dir/CheckFunctionExists.c.o -o cmTC_07d77   && :
/usr/bin/ld: CMakeFiles/cmTC_07d77.dir/CheckFunctionExists.c.o: in function `main':
CheckFunctionExists.c:(.text.startup+0x10): undefined reference to `cygwin_conv_path'
collect2: error: ld returned 1 exit status
ninja: build stopped: subcommand failed.



Performing C SOURCE FILE Test HAVE_STRUCT_VFSCONF failed with the following output:
Change Dir: /mnt/sdb/THG6500-MINI-TAX2-OPENWRT-BSP_TGP3/build_dir/host/cmake-3.22.3/CMakeFiles/CMakeTmp

Run Build Command(s):/mnt/sdb/THG6500-MINI-TAX2-OPENWRT-BSP_TGP3/staging_dir/host/bin/ninja cmTC_46a6d && [1/2] Building C object CMakeFiles/cmTC_46a6d.dir/src.c.o
FAILED: CMakeFiles/cmTC_46a6d.dir/src.c.o 
/mnt/sdb/THG6500-MINI-TAX2-OPENWRT-BSP_TGP3/staging_dir/host/bin/gcc -DHAVE_STRUCT_VFSCONF  -O2 -I/mnt/sdb/THG6500-MINI-TAX2-OPENWRT-BSP_TGP3/staging_dir/host/include -w  -std=gnu11 -o CMakeFiles/cmTC_46a6d.dir/src.c.o -c /mnt/sdb/THG6500-MINI-TAX2-OPENWRT-BSP_TGP3/build_dir/host/cmake-3.22.3/CMakeFiles/CMakeTmp/src.c
/mnt/sdb/THG6500-MINI-TAX2-OPENWRT-BSP_TGP3/build_dir/host/cmake-3.22.3/CMakeFiles/CMakeTmp/src.c: In function 'main':
/mnt/sdb/THG6500-MINI-TAX2-OPENWRT-BSP_TGP3/build_dir/host/cmake-3.22.3/CMakeFiles/CMakeTmp/src.c:3:33: error: storage size of 'v' isn't known
    3 | int main(void) { struct vfsconf v; return sizeof(v);}
      |                                 ^
ninja: build stopped: subcommand failed.


Source file was:
#include <sys/types.h>
#include <sys/mount.h>
int main(void) { struct vfsconf v; return sizeof(v);}
Performing C SOURCE FILE Test HAVE_STRUCT_XVFSCONF failed with the following output:
Change Dir: /mnt/sdb/THG6500-MINI-TAX2-OPENWRT-BSP_TGP3/build_dir/host/cmake-3.22.3/CMakeFiles/CMakeTmp

Run Build Command(s):/mnt/sdb/THG6500-MINI-TAX2-OPENWRT-BSP_TGP3/staging_dir/host/bin/ninja cmTC_2cef2 && [1/2] Building C object CMakeFiles/cmTC_2cef2.dir/src.c.o
FAILED: CMakeFiles/cmTC_2cef2.dir/src.c.o 
/mnt/sdb/THG6500-MINI-TAX2-OPENWRT-BSP_TGP3/staging_dir/host/bin/gcc -DHAVE_STRUCT_XVFSCONF  -O2 -I/mnt/sdb/THG6500-MINI-TAX2-OPENWRT-BSP_TGP3/staging_dir/host/include -w  -std=gnu11 -o CMakeFiles/cmTC_2cef2.dir/src.c.o -c /mnt/sdb/THG6500-MINI-TAX2-OPENWRT-BSP_TGP3/build_dir/host/cmake-3.22.3/CMakeFiles/CMakeTmp/src.c
/mnt/sdb/THG6500-MINI-TAX2-OPENWRT-BSP_TGP3/build_dir/host/cmake-3.22.3/CMakeFiles/CMakeTmp/src.c: In function 'main':
/mnt/sdb/THG6500-MINI-TAX2-OPENWRT-BSP_TGP3/build_dir/host/cmake-3.22.3/CMakeFiles/CMakeTmp/src.c:3:34: error: storage size of 'v' isn't known
    3 | int main(void) { struct xvfsconf v; return sizeof(v);}
      |                                  ^
ninja: build stopped: subcommand failed.


Source file was:
#include <sys/types.h>
#include <sys/mount.h>
int main(void) { struct xvfsconf v; return sizeof(v);}
Performing C SOURCE FILE Test MAJOR_IN_MKDEV failed with the following output:
Change Dir: /mnt/sdb/THG6500-MINI-TAX2-OPENWRT-BSP_TGP3/build_dir/host/cmake-3.22.3/CMakeFiles/CMakeTmp

Run Build Command(s):/mnt/sdb/THG6500-MINI-TAX2-OPENWRT-BSP_TGP3/staging_dir/host/bin/ninja cmTC_08286 && [1/2] Building C object CMakeFiles/cmTC_08286.dir/src.c.o
FAILED: CMakeFiles/cmTC_08286.dir/src.c.o 
/mnt/sdb/THG6500-MINI-TAX2-OPENWRT-BSP_TGP3/staging_dir/host/bin/gcc -DMAJOR_IN_MKDEV  -O2 -I/mnt/sdb/THG6500-MINI-TAX2-OPENWRT-BSP_TGP3/staging_dir/host/include -w  -std=gnu11 -o CMakeFiles/cmTC_08286.dir/src.c.o -c /mnt/sdb/THG6500-MINI-TAX2-OPENWRT-BSP_TGP3/build_dir/host/cmake-3.22.3/CMakeFiles/CMakeTmp/src.c
/mnt/sdb/THG6500-MINI-TAX2-OPENWRT-BSP_TGP3/build_dir/host/cmake-3.22.3/CMakeFiles/CMakeTmp/src.c:1:10: fatal error: sys/mkdev.h: No such file or directory
    1 | #include <sys/mkdev.h>
      |          ^~~~~~~~~~~~~
compilation terminated.
ninja: build stopped: subcommand failed.


Source file was:
#include <sys/mkdev.h>
int main() { return major(256); }
Determining if the EFTYPE exist failed with the following output:
Change Dir: /mnt/sdb/THG6500-MINI-TAX2-OPENWRT-BSP_TGP3/build_dir/host/cmake-3.22.3/CMakeFiles/CMakeTmp

Run Build Command(s):/mnt/sdb/THG6500-MINI-TAX2-OPENWRT-BSP_TGP3/staging_dir/host/bin/ninja cmTC_66b37 && [1/2] Building C object CMakeFiles/cmTC_66b37.dir/CheckSymbolExists.c.o
FAILED: CMakeFiles/cmTC_66b37.dir/CheckSymbolExists.c.o 
/mnt/sdb/THG6500-MINI-TAX2-OPENWRT-BSP_TGP3/staging_dir/host/bin/gcc   -O2 -I/mnt/sdb/THG6500-MINI-TAX2-OPENWRT-BSP_TGP3/staging_dir/host/include -w  -std=gnu11 -o CMakeFiles/cmTC_66b37.dir/CheckSymbolExists.c.o -c /mnt/sdb/THG6500-MINI-TAX2-OPENWRT-BSP_TGP3/build_dir/host/cmake-3.22.3/CMakeFiles/CMakeTmp/CheckSymbolExists.c
/mnt/sdb/THG6500-MINI-TAX2-OPENWRT-BSP_TGP3/build_dir/host/cmake-3.22.3/CMakeFiles/CMakeTmp/CheckSymbolExists.c: In function 'main':
/mnt/sdb/THG6500-MINI-TAX2-OPENWRT-BSP_TGP3/build_dir/host/cmake-3.22.3/CMakeFiles/CMakeTmp/CheckSymbolExists.c:8:19: error: 'EFTYPE' undeclared (first use in this function)
    8 |   return ((int*)(&EFTYPE))[argc];
      |                   ^~~~~~
/mnt/sdb/THG6500-MINI-TAX2-OPENWRT-BSP_TGP3/build_dir/host/cmake-3.22.3/CMakeFiles/CMakeTmp/CheckSymbolExists.c:8:19: note: each undeclared identifier is reported only once for each function it appears in
ninja: build stopped: subcommand failed.


File /mnt/sdb/THG6500-MINI-TAX2-OPENWRT-BSP_TGP3/build_dir/host/cmake-3.22.3/CMakeFiles/CMakeTmp/CheckSymbolExists.c:
/* */
#include <errno.h>

int main(int argc, char** argv)
{
  (void)argv;
#ifndef EFTYPE
  return ((int*)(&EFTYPE))[argc];
#else
  (void)argc;
  return 0;
#endif
}
Determining if the D_MD_ORDER exist failed with the following output:
Change Dir: /mnt/sdb/THG6500-MINI-TAX2-OPENWRT-BSP_TGP3/build_dir/host/cmake-3.22.3/CMakeFiles/CMakeTmp

Run Build Command(s):/mnt/sdb/THG6500-MINI-TAX2-OPENWRT-BSP_TGP3/staging_dir/host/bin/ninja cmTC_e1c22 && [1/2] Building C object CMakeFiles/cmTC_e1c22.dir/CheckSymbolExists.c.o
FAILED: CMakeFiles/cmTC_e1c22.dir/CheckSymbolExists.c.o 
/mnt/sdb/THG6500-MINI-TAX2-OPENWRT-BSP_TGP3/staging_dir/host/bin/gcc   -O2 -I/mnt/sdb/THG6500-MINI-TAX2-OPENWRT-BSP_TGP3/staging_dir/host/include -w  -std=gnu11 -o CMakeFiles/cmTC_e1c22.dir/CheckSymbolExists.c.o -c /mnt/sdb/THG6500-MINI-TAX2-OPENWRT-BSP_TGP3/build_dir/host/cmake-3.22.3/CMakeFiles/CMakeTmp/CheckSymbolExists.c
/mnt/sdb/THG6500-MINI-TAX2-OPENWRT-BSP_TGP3/build_dir/host/cmake-3.22.3/CMakeFiles/CMakeTmp/CheckSymbolExists.c: In function 'main':
/mnt/sdb/THG6500-MINI-TAX2-OPENWRT-BSP_TGP3/build_dir/host/cmake-3.22.3/CMakeFiles/CMakeTmp/CheckSymbolExists.c:8:19: error: 'D_MD_ORDER' undeclared (first use in this function)
    8 |   return ((int*)(&D_MD_ORDER))[argc];
      |                   ^~~~~~~~~~
/mnt/sdb/THG6500-MINI-TAX2-OPENWRT-BSP_TGP3/build_dir/host/cmake-3.22.3/CMakeFiles/CMakeTmp/CheckSymbolExists.c:8:19: note: each undeclared identifier is reported only once for each function it appears in
ninja: build stopped: subcommand failed.


File /mnt/sdb/THG6500-MINI-TAX2-OPENWRT-BSP_TGP3/build_dir/host/cmake-3.22.3/CMakeFiles/CMakeTmp/CheckSymbolExists.c:
/* */
#include <langinfo.h>

int main(int argc, char** argv)
{
  (void)argv;
#ifndef D_MD_ORDER
  return ((int*)(&D_MD_ORDER))[argc];
#else
  (void)argc;
  return 0;
#endif
}
Performing C SOURCE FILE Test HAVE_STRUCT_TM___TM_GMTOFF failed with the following output:
Change Dir: /mnt/sdb/THG6500-MINI-TAX2-OPENWRT-BSP_TGP3/build_dir/host/cmake-3.22.3/CMakeFiles/CMakeTmp

Run Build Command(s):/mnt/sdb/THG6500-MINI-TAX2-OPENWRT-BSP_TGP3/staging_dir/host/bin/ninja cmTC_458fc && [1/2] Building C object CMakeFiles/cmTC_458fc.dir/src.c.o
FAILED: CMakeFiles/cmTC_458fc.dir/src.c.o 
/mnt/sdb/THG6500-MINI-TAX2-OPENWRT-BSP_TGP3/staging_dir/host/bin/gcc -DHAVE_STRUCT_TM___TM_GMTOFF  -O2 -I/mnt/sdb/THG6500-MINI-TAX2-OPENWRT-BSP_TGP3/staging_dir/host/include -w  -std=gnu11 -o CMakeFiles/cmTC_458fc.dir/src.c.o -c /mnt/sdb/THG6500-MINI-TAX2-OPENWRT-BSP_TGP3/build_dir/host/cmake-3.22.3/CMakeFiles/CMakeTmp/src.c
/mnt/sdb/THG6500-MINI-TAX2-OPENWRT-BSP_TGP3/build_dir/host/cmake-3.22.3/CMakeFiles/CMakeTmp/src.c: In function 'main':
/mnt/sdb/THG6500-MINI-TAX2-OPENWRT-BSP_TGP3/build_dir/host/cmake-3.22.3/CMakeFiles/CMakeTmp/src.c:6:34: error: 'struct tm' has no member named '__tm_gmtoff'; did you mean 'tm_gmtoff'?
    6 |   (void)sizeof(((struct tm *)0)->__tm_gmtoff);
      |                                  ^~~~~~~~~~~
      |                                  tm_gmtoff
ninja: build stopped: subcommand failed.


Source file was:

#include <time.h>

int main()
{
  (void)sizeof(((struct tm *)0)->__tm_gmtoff);
  return 0;
}

Performing C SOURCE FILE Test HAVE_STRUCT_STATFS_F_NAMEMAX failed with the following output:
Change Dir: /mnt/sdb/THG6500-MINI-TAX2-OPENWRT-BSP_TGP3/build_dir/host/cmake-3.22.3/CMakeFiles/CMakeTmp

Run Build Command(s):/mnt/sdb/THG6500-MINI-TAX2-OPENWRT-BSP_TGP3/staging_dir/host/bin/ninja cmTC_8b64c && [1/2] Building C object CMakeFiles/cmTC_8b64c.dir/src.c.o
FAILED: CMakeFiles/cmTC_8b64c.dir/src.c.o 
/mnt/sdb/THG6500-MINI-TAX2-OPENWRT-BSP_TGP3/staging_dir/host/bin/gcc -DHAVE_STRUCT_STATFS_F_NAMEMAX  -O2 -I/mnt/sdb/THG6500-MINI-TAX2-OPENWRT-BSP_TGP3/staging_dir/host/include -w  -std=gnu11 -o CMakeFiles/cmTC_8b64c.dir/src.c.o -c /mnt/sdb/THG6500-MINI-TAX2-OPENWRT-BSP_TGP3/build_dir/host/cmake-3.22.3/CMakeFiles/CMakeTmp/src.c
/mnt/sdb/THG6500-MINI-TAX2-OPENWRT-BSP_TGP3/build_dir/host/cmake-3.22.3/CMakeFiles/CMakeTmp/src.c: In function 'main':
/mnt/sdb/THG6500-MINI-TAX2-OPENWRT-BSP_TGP3/build_dir/host/cmake-3.22.3/CMakeFiles/CMakeTmp/src.c:7:36: error: invalid use of undefined type 'struct statfs'
    7 |   (void)sizeof(((struct statfs *)0)->f_namemax);
      |                                    ^~
ninja: build stopped: subcommand failed.


Source file was:

#include <sys/param.h>
#include <sys/mount.h>

int main()
{
  (void)sizeof(((struct statfs *)0)->f_namemax);
  return 0;
}

Performing C SOURCE FILE Test HAVE_STRUCT_STAT_ST_BIRTHTIME failed with the following output:
Change Dir: /mnt/sdb/THG6500-MINI-TAX2-OPENWRT-BSP_TGP3/build_dir/host/cmake-3.22.3/CMakeFiles/CMakeTmp

Run Build Command(s):/mnt/sdb/THG6500-MINI-TAX2-OPENWRT-BSP_TGP3/staging_dir/host/bin/ninja cmTC_8ba26 && [1/2] Building C object CMakeFiles/cmTC_8ba26.dir/src.c.o
FAILED: CMakeFiles/cmTC_8ba26.dir/src.c.o 
/mnt/sdb/THG6500-MINI-TAX2-OPENWRT-BSP_TGP3/staging_dir/host/bin/gcc -DHAVE_STRUCT_STAT_ST_BIRTHTIME  -O2 -I/mnt/sdb/THG6500-MINI-TAX2-OPENWRT-BSP_TGP3/staging_dir/host/include -w  -std=gnu11 -o CMakeFiles/cmTC_8ba26.dir/src.c.o -c /mnt/sdb/THG6500-MINI-TAX2-OPENWRT-BSP_TGP3/build_dir/host/cmake-3.22.3/CMakeFiles/CMakeTmp/src.c
/mnt/sdb/THG6500-MINI-TAX2-OPENWRT-BSP_TGP3/build_dir/host/cmake-3.22.3/CMakeFiles/CMakeTmp/src.c: In function 'main':
/mnt/sdb/THG6500-MINI-TAX2-OPENWRT-BSP_TGP3/build_dir/host/cmake-3.22.3/CMakeFiles/CMakeTmp/src.c:7:34: error: 'struct stat' has no member named 'st_birthtime'
    7 |   (void)sizeof(((struct stat *)0)->st_birthtime);
      |                                  ^~
ninja: build stopped: subcommand failed.


Source file was:

#include <sys/types.h>
#include <sys/stat.h>

int main()
{
  (void)sizeof(((struct stat *)0)->st_birthtime);
  return 0;
}

Performing C SOURCE FILE Test HAVE_STRUCT_STAT_ST_BIRTHTIMESPEC_TV_NSEC failed with the following output:
Change Dir: /mnt/sdb/THG6500-MINI-TAX2-OPENWRT-BSP_TGP3/build_dir/host/cmake-3.22.3/CMakeFiles/CMakeTmp

Run Build Command(s):/mnt/sdb/THG6500-MINI-TAX2-OPENWRT-BSP_TGP3/staging_dir/host/bin/ninja cmTC_a328c && [1/2] Building C object CMakeFiles/cmTC_a328c.dir/src.c.o
FAILED: CMakeFiles/cmTC_a328c.dir/src.c.o 
/mnt/sdb/THG6500-MINI-TAX2-OPENWRT-BSP_TGP3/staging_dir/host/bin/gcc -DHAVE_STRUCT_STAT_ST_BIRTHTIMESPEC_TV_NSEC  -O2 -I/mnt/sdb/THG6500-MINI-TAX2-OPENWRT-BSP_TGP3/staging_dir/host/include -w  -std=gnu11 -o CMakeFiles/cmTC_a328c.dir/src.c.o -c /mnt/sdb/THG6500-MINI-TAX2-OPENWRT-BSP_TGP3/build_dir/host/cmake-3.22.3/CMakeFiles/CMakeTmp/src.c
/mnt/sdb/THG6500-MINI-TAX2-OPENWRT-BSP_TGP3/build_dir/host/cmake-3.22.3/CMakeFiles/CMakeTmp/src.c: In function 'main':
/mnt/sdb/THG6500-MINI-TAX2-OPENWRT-BSP_TGP3/build_dir/host/cmake-3.22.3/CMakeFiles/CMakeTmp/src.c:7:34: error: 'struct stat' has no member named 'st_birthtimespec'
    7 |   (void)sizeof(((struct stat *)0)->st_birthtimespec.tv_nsec);
      |                                  ^~
ninja: build stopped: subcommand failed.


Source file was:

#include <sys/types.h>
#include <sys/stat.h>

int main()
{
  (void)sizeof(((struct stat *)0)->st_birthtimespec.tv_nsec);
  return 0;
}

Performing C SOURCE FILE Test HAVE_STRUCT_STAT_ST_MTIMESPEC_TV_NSEC failed with the following output:
Change Dir: /mnt/sdb/THG6500-MINI-TAX2-OPENWRT-BSP_TGP3/build_dir/host/cmake-3.22.3/CMakeFiles/CMakeTmp

Run Build Command(s):/mnt/sdb/THG6500-MINI-TAX2-OPENWRT-BSP_TGP3/staging_dir/host/bin/ninja cmTC_7cd6b && [1/2] Building C object CMakeFiles/cmTC_7cd6b.dir/src.c.o
FAILED: CMakeFiles/cmTC_7cd6b.dir/src.c.o 
/mnt/sdb/THG6500-MINI-TAX2-OPENWRT-BSP_TGP3/staging_dir/host/bin/gcc -DHAVE_STRUCT_STAT_ST_MTIMESPEC_TV_NSEC  -O2 -I/mnt/sdb/THG6500-MINI-TAX2-OPENWRT-BSP_TGP3/staging_dir/host/include -w  -std=gnu11 -o CMakeFiles/cmTC_7cd6b.dir/src.c.o -c /mnt/sdb/THG6500-MINI-TAX2-OPENWRT-BSP_TGP3/build_dir/host/cmake-3.22.3/CMakeFiles/CMakeTmp/src.c
/mnt/sdb/THG6500-MINI-TAX2-OPENWRT-BSP_TGP3/build_dir/host/cmake-3.22.3/CMakeFiles/CMakeTmp/src.c: In function 'main':
/mnt/sdb/THG6500-MINI-TAX2-OPENWRT-BSP_TGP3/build_dir/host/cmake-3.22.3/CMakeFiles/CMakeTmp/src.c:7:34: error: 'struct stat' has no member named 'st_mtimespec'
    7 |   (void)sizeof(((struct stat *)0)->st_mtimespec.tv_nsec);
      |                                  ^~
ninja: build stopped: subcommand failed.


Source file was:

#include <sys/types.h>
#include <sys/stat.h>

int main()
{
  (void)sizeof(((struct stat *)0)->st_mtimespec.tv_nsec);
  return 0;
}

Performing C SOURCE FILE Test HAVE_STRUCT_STAT_ST_MTIME_N failed with the following output:
Change Dir: /mnt/sdb/THG6500-MINI-TAX2-OPENWRT-BSP_TGP3/build_dir/host/cmake-3.22.3/CMakeFiles/CMakeTmp

Run Build Command(s):/mnt/sdb/THG6500-MINI-TAX2-OPENWRT-BSP_TGP3/staging_dir/host/bin/ninja cmTC_9fd43 && [1/2] Building C object CMakeFiles/cmTC_9fd43.dir/src.c.o
FAILED: CMakeFiles/cmTC_9fd43.dir/src.c.o 
/mnt/sdb/THG6500-MINI-TAX2-OPENWRT-BSP_TGP3/staging_dir/host/bin/gcc -DHAVE_STRUCT_STAT_ST_MTIME_N  -O2 -I/mnt/sdb/THG6500-MINI-TAX2-OPENWRT-BSP_TGP3/staging_dir/host/include -w  -std=gnu11 -o CMakeFiles/cmTC_9fd43.dir/src.c.o -c /mnt/sdb/THG6500-MINI-TAX2-OPENWRT-BSP_TGP3/build_dir/host/cmake-3.22.3/CMakeFiles/CMakeTmp/src.c
/mnt/sdb/THG6500-MINI-TAX2-OPENWRT-BSP_TGP3/build_dir/host/cmake-3.22.3/CMakeFiles/CMakeTmp/src.c: In function 'main':
/mnt/sdb/THG6500-MINI-TAX2-OPENWRT-BSP_TGP3/build_dir/host/cmake-3.22.3/CMakeFiles/CMakeTmp/src.c:7:36: error: 'struct stat' has no member named 'st_mtime_n'; did you mean 'st_mtim'?
    7 |   (void)sizeof(((struct stat *)0)->st_mtime_n);
      |                                    ^~~~~~~~~~
      |                                    st_mtim
ninja: build stopped: subcommand failed.


Source file was:

#include <sys/types.h>
#include <sys/stat.h>

int main()
{
  (void)sizeof(((struct stat *)0)->st_mtime_n);
  return 0;
}

Performing C SOURCE FILE Test HAVE_STRUCT_STAT_ST_UMTIME failed with the following output:
Change Dir: /mnt/sdb/THG6500-MINI-TAX2-OPENWRT-BSP_TGP3/build_dir/host/cmake-3.22.3/CMakeFiles/CMakeTmp

Run Build Command(s):/mnt/sdb/THG6500-MINI-TAX2-OPENWRT-BSP_TGP3/staging_dir/host/bin/ninja cmTC_7f7a6 && [1/2] Building C object CMakeFiles/cmTC_7f7a6.dir/src.c.o
FAILED: CMakeFiles/cmTC_7f7a6.dir/src.c.o 
/mnt/sdb/THG6500-MINI-TAX2-OPENWRT-BSP_TGP3/staging_dir/host/bin/gcc -DHAVE_STRUCT_STAT_ST_UMTIME  -O2 -I/mnt/sdb/THG6500-MINI-TAX2-OPENWRT-BSP_TGP3/staging_dir/host/include -w  -std=gnu11 -o CMakeFiles/cmTC_7f7a6.dir/src.c.o -c /mnt/sdb/THG6500-MINI-TAX2-OPENWRT-BSP_TGP3/build_dir/host/cmake-3.22.3/CMakeFiles/CMakeTmp/src.c
/mnt/sdb/THG6500-MINI-TAX2-OPENWRT-BSP_TGP3/build_dir/host/cmake-3.22.3/CMakeFiles/CMakeTmp/src.c: In function 'main':
/mnt/sdb/THG6500-MINI-TAX2-OPENWRT-BSP_TGP3/build_dir/host/cmake-3.22.3/CMakeFiles/CMakeTmp/src.c:7:36: error: 'struct stat' has no member named 'st_umtime'; did you mean 'st_mtim'?
    7 |   (void)sizeof(((struct stat *)0)->st_umtime);
      |                                    ^~~~~~~~~
      |                                    st_mtim
ninja: build stopped: subcommand failed.


Source file was:

#include <sys/types.h>
#include <sys/stat.h>

int main()
{
  (void)sizeof(((struct stat *)0)->st_umtime);
  return 0;
}

Performing C SOURCE FILE Test HAVE_STRUCT_STAT_ST_MTIME_USEC failed with the following output:
Change Dir: /mnt/sdb/THG6500-MINI-TAX2-OPENWRT-BSP_TGP3/build_dir/host/cmake-3.22.3/CMakeFiles/CMakeTmp

Run Build Command(s):/mnt/sdb/THG6500-MINI-TAX2-OPENWRT-BSP_TGP3/staging_dir/host/bin/ninja cmTC_107ac && [1/2] Building C object CMakeFiles/cmTC_107ac.dir/src.c.o
FAILED: CMakeFiles/cmTC_107ac.dir/src.c.o 
/mnt/sdb/THG6500-MINI-TAX2-OPENWRT-BSP_TGP3/staging_dir/host/bin/gcc -DHAVE_STRUCT_STAT_ST_MTIME_USEC  -O2 -I/mnt/sdb/THG6500-MINI-TAX2-OPENWRT-BSP_TGP3/staging_dir/host/include -w  -std=gnu11 -o CMakeFiles/cmTC_107ac.dir/src.c.o -c /mnt/sdb/THG6500-MINI-TAX2-OPENWRT-BSP_TGP3/build_dir/host/cmake-3.22.3/CMakeFiles/CMakeTmp/src.c
/mnt/sdb/THG6500-MINI-TAX2-OPENWRT-BSP_TGP3/build_dir/host/cmake-3.22.3/CMakeFiles/CMakeTmp/src.c: In function 'main':
/mnt/sdb/THG6500-MINI-TAX2-OPENWRT-BSP_TGP3/build_dir/host/cmake-3.22.3/CMakeFiles/CMakeTmp/src.c:7:34: error: 'struct stat' has no member named 'st_mtime_usec'
    7 |   (void)sizeof(((struct stat *)0)->st_mtime_usec);
      |                                  ^~
ninja: build stopped: subcommand failed.


Source file was:

#include <sys/types.h>
#include <sys/stat.h>

int main()
{
  (void)sizeof(((struct stat *)0)->st_mtime_usec);
  return 0;
}

Performing C SOURCE FILE Test HAVE_STRUCT_STAT_ST_FLAGS failed with the following output:
Change Dir: /mnt/sdb/THG6500-MINI-TAX2-OPENWRT-BSP_TGP3/build_dir/host/cmake-3.22.3/CMakeFiles/CMakeTmp

Run Build Command(s):/mnt/sdb/THG6500-MINI-TAX2-OPENWRT-BSP_TGP3/staging_dir/host/bin/ninja cmTC_76cd7 && [1/2] Building C object CMakeFiles/cmTC_76cd7.dir/src.c.o
FAILED: CMakeFiles/cmTC_76cd7.dir/src.c.o 
/mnt/sdb/THG6500-MINI-TAX2-OPENWRT-BSP_TGP3/staging_dir/host/bin/gcc -DHAVE_STRUCT_STAT_ST_FLAGS  -O2 -I/mnt/sdb/THG6500-MINI-TAX2-OPENWRT-BSP_TGP3/staging_dir/host/include -w  -std=gnu11 -o CMakeFiles/cmTC_76cd7.dir/src.c.o -c /mnt/sdb/THG6500-MINI-TAX2-OPENWRT-BSP_TGP3/build_dir/host/cmake-3.22.3/CMakeFiles/CMakeTmp/src.c
/mnt/sdb/THG6500-MINI-TAX2-OPENWRT-BSP_TGP3/build_dir/host/cmake-3.22.3/CMakeFiles/CMakeTmp/src.c: In function 'main':
/mnt/sdb/THG6500-MINI-TAX2-OPENWRT-BSP_TGP3/build_dir/host/cmake-3.22.3/CMakeFiles/CMakeTmp/src.c:7:34: error: 'struct stat' has no member named 'st_flags'
    7 |   (void)sizeof(((struct stat *)0)->st_flags);
      |                                  ^~
ninja: build stopped: subcommand failed.


Source file was:

#include <sys/types.h>
#include <sys/stat.h>

int main()
{
  (void)sizeof(((struct stat *)0)->st_flags);
  return 0;
}

Performing C SOURCE FILE Test HAVE_STRUCT_STATVFS_F_IOSIZE failed with the following output:
Change Dir: /mnt/sdb/THG6500-MINI-TAX2-OPENWRT-BSP_TGP3/build_dir/host/cmake-3.22.3/CMakeFiles/CMakeTmp

Run Build Command(s):/mnt/sdb/THG6500-MINI-TAX2-OPENWRT-BSP_TGP3/staging_dir/host/bin/ninja cmTC_4cd61 && [1/2] Building C object CMakeFiles/cmTC_4cd61.dir/src.c.o
FAILED: CMakeFiles/cmTC_4cd61.dir/src.c.o 
/mnt/sdb/THG6500-MINI-TAX2-OPENWRT-BSP_TGP3/staging_dir/host/bin/gcc -DHAVE_STRUCT_STATVFS_F_IOSIZE  -O2 -I/mnt/sdb/THG6500-MINI-TAX2-OPENWRT-BSP_TGP3/staging_dir/host/include -w  -std=gnu11 -o CMakeFiles/cmTC_4cd61.dir/src.c.o -c /mnt/sdb/THG6500-MINI-TAX2-OPENWRT-BSP_TGP3/build_dir/host/cmake-3.22.3/CMakeFiles/CMakeTmp/src.c
/mnt/sdb/THG6500-MINI-TAX2-OPENWRT-BSP_TGP3/build_dir/host/cmake-3.22.3/CMakeFiles/CMakeTmp/src.c: In function 'main':
/mnt/sdb/THG6500-MINI-TAX2-OPENWRT-BSP_TGP3/build_dir/host/cmake-3.22.3/CMakeFiles/CMakeTmp/src.c:7:39: error: 'struct statvfs' has no member named 'f_iosize'; did you mean 'f_bsize'?
    7 |   (void)sizeof(((struct statvfs *)0)->f_iosize);
      |                                       ^~~~~~~~
      |                                       f_bsize
ninja: build stopped: subcommand failed.


Source file was:

#include <sys/types.h>
#include <sys/statvfs.h>

int main()
{
  (void)sizeof(((struct statvfs *)0)->f_iosize);
  return 0;
}

Looking for a Fortran compiler failed with the following output:
-- The Fortran compiler identification is unknown
[31mCMake Error at CMakeLists.txt:2 (project):
  No CMAKE_Fortran_COMPILER could be found.

  Tell CMake where to find the compiler by setting either the environment
  variable "FC" or the CMake cache entry CMAKE_Fortran_COMPILER to the full
  path to the compiler, or to the compiler name if it is in the PATH.

[0m
-- Configuring incomplete, errors occurred!
See also "/mnt/sdb/THG6500-MINI-TAX2-OPENWRT-BSP_TGP3/build_dir/host/cmake-3.22.3/Tests/CMakeFiles/CheckFortran/CMakeFiles/CMakeOutput.log".
See also "/mnt/sdb/THG6500-MINI-TAX2-OPENWRT-BSP_TGP3/build_dir/host/cmake-3.22.3/Tests/CMakeFiles/CheckFortran/CMakeFiles/CMakeError.log".

Looking for a Swift compiler failed with the following output:
-- The Swift compiler identification is unknown
[31mCMake Error at CMakeLists.txt:2 (project):
  No CMAKE_Swift_COMPILER could be found.

  Tell CMake where to find the compiler by setting either the environment
  variable "SWIFTC" or the CMake cache entry CMAKE_Swift_COMPILER to the full
  path to the compiler, or to the compiler name if it is in the PATH.

[0m
[31mCMake Error at /mnt/sdb/THG6500-MINI-TAX2-OPENWRT-BSP_TGP3/build_dir/host/cmake-3.22.3/Modules/CMakeSwiftInformation.cmake:90 (cmake_host_system_information):
  Unknown CMake command "cmake_host_system_information".
Call Stack (most recent call first):
  CMakeLists.txt:2 (project)

[0m
-- Configuring incomplete, errors occurred!
See also "/mnt/sdb/THG6500-MINI-TAX2-OPENWRT-BSP_TGP3/build_dir/host/cmake-3.22.3/Tests/CMakeFiles/CheckSwift/CMakeFiles/CMakeOutput.log".
See also "/mnt/sdb/THG6500-MINI-TAX2-OPENWRT-BSP_TGP3/build_dir/host/cmake-3.22.3/Tests/CMakeFiles/CheckSwift/CMakeFiles/CMakeError.log".

